1,High
2,High
3,High
4,Low
5,High
6,High
7,Low
8,Low
9,High
10,Low
11,High
12,Medium
13,High
14,High
15,Medium
16,Low
17,Low
18,High
19,High
20,High
21,High
22,Low
23,High
24,Medium
25,Medium
26,Low
27,Low
28,High
29,High
30,High
31,High
32,Low
33,Low
34,High
35,High
36,High
37,High
38,High
39,High
40,Low
41,Low
42,High
43,Low
44,Low
45,High
46,High
47,High
48,Low
49,Medium
50,Low
51,Low
52,Low
53,Low
54,High
55,High
56,High
57,High
58,Medium
59,High
60,Low
61,High
62,High
63,High
64,High
65,High
66,Low
67,High
68,Low
69,High
70,Low
71,Low
72,High
73,High
74,Medium
75,Low
76,Low
77,High
78,High
79,High
80,High
81,Low
82,Low
83,High
84,Low
85,Low
86,Low
87,High
88,High
89,High
90,High
91,High
92,High
93,High
94,High
95,High
96,Low
97,Low
98,Low
99,High
100,High
101,High
102,High
103,High
104,Low
105,Low
106,High
107,High
108,Low
109,Low
110,Medium
111,Low
112,Low
113,Low
114,Low
115,High
116,High
117,High
118,High
119,High
120,Low
121,High
122,High
123,Low
124,Low
125,Medium
126,Low
127,Low
128,Low
129,High
130,High
131,High
132,Low
133,Low
134,High
135,Low
136,High
137,High
138,High
139,High
140,High
141,Low
142,High
143,High
144,Medium
145,High
146,Low
147,Low
148,High
149,High
150,Low
151,High
152,High
153,High
154,High
155,High
156,High
157,High
158,High
159,High
160,High
161,High
162,Low
163,Low
164,Low
165,Low
166,Low
167,Low
168,High
169,High
170,High
171,High
172,High
173,Low
174,Low
175,Low
176,Low
177,High
178,Low
179,Low
180,Low
181,Medium
182,High
183,Low
184,High
185,Low
186,High
187,High
188,High
189,Low
190,Low
191,High
192,Low
193,High
194,High
195,High
196,Low
197,High
198,High
199,High
200,High
201,High
202,High
203,Low
204,Low
205,High
206,High
207,High
208,High
209,High
210,High
211,High
212,Low
213,High
214,Low
215,High
216,High
217,Low
218,High
219,Low
220,Low
221,Low
222,Low
223,High
224,High
225,High
226,High
227,High
228,High
229,Low
230,Low
231,Low
232,High
233,High
234,High
235,High
236,High
237,Low
238,High
239,High
240,High
241,Medium
242,High
243,High
244,Low
245,Low
246,High
247,High
248,High
249,Low
250,Low
251,Low
252,High
253,Low
254,High
255,High
256,High
257,Low
258,High
259,High
260,High
261,High
262,High
263,Low
264,High
265,High
266,High
267,High
268,Low
269,Low
270,High
271,High
272,High
273,Low
274,High
275,Low
276,Medium
277,High
278,High
279,High
280,High
281,Low
282,High
283,High
284,High
285,Low
286,High
287,High
288,Low
289,Low
290,High
291,High
292,High
293,Low
294,High
295,High
296,Low
297,Medium
298,Low
299,High
300,High
301,High
302,High
303,Low
304,Low
305,Medium
306,High
307,High
308,High
309,Low
310,Medium
311,High
312,Low
313,Low
314,High
315,High
316,High
317,High
318,High
319,Low
320,High
321,High
322,High
323,Low
324,Low
325,Low
326,High
327,High
328,Low
329,Low
330,Low
331,High
332,Low
333,Medium
334,High
335,Medium
336,Low
337,High
338,High
339,Medium
340,High
341,Low
342,Medium
343,High
344,High
345,Low
346,Low
347,High
348,Low
349,High
350,Low
351,High
352,High
353,High
354,Medium
355,High
356,High
357,High
358,High
359,High
360,High
361,Low
362,High
363,High
364,High
365,Low
366,High
367,High
368,High
369,Medium
370,Low
371,High
372,Low
373,High
374,High
375,High
376,Low
377,High
378,High
379,High
380,Low
381,High
382,High
383,Low
384,High
385,Low
386,High
387,High
388,Low
389,Low
390,High
391,High
392,High
393,Low
394,Low
395,Low
396,Low
397,High
398,High
399,Low
400,Low
401,Low
402,Low
403,Low
404,High
405,High
406,Medium
407,High
408,High
409,Medium
410,High
411,High
412,High
413,High
414,High
415,High
416,Low
417,Low
418,High
419,Low
420,High
421,High
422,High
423,Low
424,High
425,High
426,Low
427,High
428,High
429,Low
430,Medium
431,Low
432,High
433,High
434,Low
435,Medium
436,Low
437,High
438,High
439,Low
440,High
441,Low
442,High
443,Low
444,High
445,High
446,High
447,High
448,Low
449,High
450,Low
451,Low
452,High
453,High
454,Low
455,High
456,High
457,High
458,Medium
459,Low
460,High
461,Low
462,Low
463,Medium
464,High
465,High
466,Low
467,High
468,Low
469,High
470,Low
471,Low
472,High
473,High
474,Low
475,High
476,Medium
477,High
478,High
479,Low
480,Medium
481,High
482,High
483,High
484,High
485,High
486,High
487,High
488,High
489,High
490,High
491,Medium
492,High
493,High
494,High
495,High
496,Medium
497,High
498,High
499,High
500,High
501,Low
502,High
503,Medium
504,Low
505,High
506,Low
507,High
508,High
509,High
510,Low
511,High
512,High
513,High
514,Low
515,Low
516,Low
517,Low
518,Low
519,Low
520,High
521,High
522,High
523,High
524,High
525,Low
526,Low
527,High
528,Medium
529,Low
530,Low
531,High
532,High
533,Low
534,Low
535,High
536,Low
537,High
538,High
539,Low
540,Low
541,High
542,Low
543,Low
544,Low
545,Low
546,High
547,High
548,High
549,High
550,High
551,High
552,High
553,High
554,High
555,Low
556,High
557,High
558,High
559,Low
560,High
561,High
562,High
563,High
564,High
565,Low
566,Low
567,High
568,High
569,High
570,Low
571,High
572,Low
573,Low
574,Low
575,Low
576,Low
577,Low
578,Low
579,Low
580,High
581,Low
582,High
583,Medium
584,High
585,Low
586,High
587,High
588,High
589,High
590,High
591,High
592,Medium
593,High
594,High
595,Low
596,High
597,Low
598,Low
599,High
600,High
601,Low
602,High
603,Low
604,Low
605,High
606,High
607,High
608,Low
609,Low
610,Medium
611,Low
612,Low
613,Low
614,Low
615,High
616,Low
617,High
618,High
619,High
620,High
621,High
622,Medium
623,High
624,Low
625,High
626,High
627,High
628,Medium
629,High
630,Medium
631,High
632,High
633,High
634,Low
635,High
636,High
637,Low
638,High
639,High
640,High
641,Low
642,Low
643,Low
644,Low
645,Low
646,High
647,Low
648,High
649,High
650,High
651,High
652,Low
653,High
654,Low
655,Medium
656,Low
657,High
658,High
659,Medium
660,High
661,High
662,High
663,High
664,High
665,High
666,High
667,Low
668,High
669,High
670,High
671,Medium
672,Low
673,High
674,Medium
675,Low
676,High
677,Low
678,High
679,High
680,High
681,High
682,High
683,Low
684,High
685,Low
686,High
687,High
688,Low
689,Low
690,High
691,High
692,Medium
693,High
694,Low
695,Low
696,High
697,Low
698,Low
699,High
700,Low
701,High
702,High
703,High
704,High
705,High
706,Low
707,Low
708,Medium
709,High
710,High
711,Medium
712,Low
713,High
714,Low
715,High
716,High
717,Low
718,Medium
719,High
720,High
721,Low
722,Low
723,High
724,High
725,High
726,High
727,High
728,High
729,High
730,High
731,Low
732,High
733,High
734,Low
735,Low
736,Medium
737,Low
738,High
739,High
740,High
741,Low
742,High
743,High
744,High
745,High
746,High
747,High
748,Low
749,Medium
750,Low
751,High
752,Medium
753,High
754,High
755,High
756,Low
757,Low
758,High
759,High
760,High
761,High
762,High
763,Low
764,High
765,Low
766,Low
767,Low
768,Low
769,High
770,Low
771,Low
772,High
773,High
774,High
775,High
776,Low
777,Medium
778,Low
779,High
780,Low
781,High
782,Low
783,High
784,High
785,High
786,High
787,High
788,Low
789,High
790,High
791,Low
792,High
793,Low
794,Low
795,High
796,High
797,Low
798,High
799,High
800,High
801,Low
802,Low
803,Medium
804,High
805,High
806,High
807,High
808,High
809,High
810,High
811,Low
812,Medium
813,High
814,High
815,High
816,High
817,Low
818,High
819,High
820,High
821,High
822,Low
823,High
824,High
825,High
826,High
827,High
828,Low
829,High
830,High
831,High
832,Low
833,High
834,High
835,High
836,Medium
837,High
838,Low
839,Low
840,High
841,High
842,High
843,High
844,High
845,High
846,High
847,Low
848,High
849,High
850,High
851,High
852,Medium
853,Medium
854,High
855,High
856,Medium
857,Low
858,High
859,Low
860,High
861,High
862,Low
863,Low
864,Low
865,High
866,High
867,Low
868,Low
869,High
870,Low
871,Low
872,High
873,High
874,Low
875,High
876,High
877,Low
878,High
879,Low
880,Low
881,High
882,High
883,Low
884,Low
885,Low
886,High
887,Low
888,High
889,High
890,High
891,Low
892,High
893,Low
894,Low
895,High
896,Low
897,High
898,High
899,Medium
900,Medium
901,High
902,High
903,Low
904,Low
905,Medium
906,High
907,High
908,Low
909,Low
910,High
911,Medium
912,High
913,High
914,High
915,High
916,High
917,High
918,Low
919,Low
920,Medium
921,High
922,Low
923,High
924,Low
925,Low
926,High
927,Low
928,High
929,High
930,Low
931,High
932,High
933,High
934,Low
935,Medium
936,High
937,Medium
938,High
939,High
940,High
941,High
942,High
943,High
944,Low
945,High
946,Low
947,High
948,High
949,High
950,Low
951,Low
952,High
953,High
954,High
955,High
956,Medium
957,High
958,Low
959,Medium
960,High
961,High
962,High
963,High
964,High
965,High
966,Low
967,Low
968,High
969,High
970,Low
971,High
972,High
973,High
974,High
975,High
976,High
977,Low
978,Low
979,High
980,Low
981,High
982,High
983,Low
984,Low
985,High
986,Low
987,Low
988,Medium
989,High
990,Low
991,Low
992,Low
993,High
994,High
995,Low
996,High
997,High
998,Low
999,High
1000,High
1001,High
1002,High
1003,High
1004,High
1005,High
1006,High
1007,High
1008,High
1009,High
1010,Low
1011,Low
1012,Low
1013,High
1014,High
1015,High
1016,High
1017,Medium
1018,High
1019,High
1020,High
1021,High
1022,High
1023,High
1024,Low
1025,High
1026,High
1027,High
1028,Low
1029,Low
1030,Low
1031,High
1032,High
1033,High
1034,High
1035,High
1036,Low
1037,High
1038,Medium
1039,Low
1040,High
1041,Low
1042,High
1043,High
1044,High
1045,Medium
1046,Medium
1047,High
1048,Low
1049,Low
1050,High
1051,High
1052,High
1053,High
1054,Low
1055,High
1056,High
1057,Low
1058,High
1059,Low
1060,Low
1061,Low
1062,High
1063,High
1064,Low
1065,High
1066,Low
1067,High
1068,High
1069,Low
1070,High
1071,Low
1072,High
1073,High
1074,High
1075,High
1076,Low
1077,High
1078,High
1079,Low
1080,High
1081,High
1082,Low
1083,Medium
1084,Low
1085,Medium
1086,High
1087,Medium
1088,High
1089,Medium
1090,High
1091,Medium
1092,Low
1093,High
1094,Low
1095,High
1096,High
1097,High
1098,High
1099,High
1100,Low
1101,Low
1102,High
1103,Low
1104,Medium
1105,High
1106,Low
1107,Low
1108,Low
1109,Low
1110,High
1111,High
1112,Low
1113,Low
1114,Low
1115,High
1116,High
1117,High
1118,High
1119,Low
1120,High
1121,Low
1122,High
1123,High
1124,High
1125,Low
1126,Medium
1127,High
1128,Low
1129,High
1130,Low
1131,High
1132,Low
1133,High
1134,Medium
1135,Low
1136,Low
1137,High
1138,Low
1139,Medium
1140,Low
1141,Low
1142,Low
1143,High
1144,High
1145,High
1146,High
1147,Low
1148,High
1149,Medium
1150,Low
1151,High
1152,Low
1153,High
1154,Medium
1155,High
1156,High
1157,High
1158,Low
1159,High
1160,High
1161,Low
1162,High
1163,High
1164,High
1165,Low
1166,High
1167,Low
1168,High
1169,High
1170,Low
1171,High
1172,High
1173,Low
1174,High
1175,High
1176,Medium
1177,High
1178,High
1179,High
1180,Low
1181,Low
1182,Low
1183,Low
1184,High
1185,High
1186,Low
1187,Low
1188,High
1189,Low
1190,High
1191,High
1192,High
1193,High
1194,Low
1195,Low
1196,High
1197,Low
1198,Medium
1199,High
1200,Low
1201,Low
1202,Low
1203,Low
1204,Low
1205,High
1206,High
1207,High
1208,High
1209,High
1210,High
1211,Medium
1212,Low
1213,High
1214,High
1215,High
1216,Low
1217,High
1218,High
1219,Low
1220,High
1221,Medium
1222,Low
1223,Low
1224,High
1225,High
1226,High
1227,High
1228,High
1229,Low
1230,Medium
1231,Low
1232,High
1233,Medium
1234,Low
1235,High
1236,Low
1237,Low
1238,Low
1239,High
1240,High
1241,Low
1242,High
1243,High
1244,High
1245,High
1246,Low
1247,High
1248,High
1249,High
1250,Low
1251,High
1252,Low
1253,Low
1254,Low
1255,High
1256,High
1257,High
1258,High
1259,High
1260,Low
1261,High
1262,Medium
1263,Medium
1264,High
1265,Low
1266,High
1267,High
1268,High
1269,High
1270,Low
1271,High
1272,High
1273,High
1274,High
1275,Low
1276,Low
1277,High
1278,High
1279,Low
1280,High
1281,High
1282,High
1283,Medium
1284,Low
1285,Low
1286,Low
1287,High
1288,High
1289,High
1290,Low
1291,High
1292,Low
1293,Low
1294,Low
1295,Low
1296,Low
1297,Low
1298,High
1299,Low
1300,High
1301,Medium
1302,Medium
1303,High
1304,Low
1305,High
1306,Low
1307,Medium
1308,Medium
1309,Low
1310,High
1311,High
1312,Low
1313,High
1314,Low
1315,High
1316,Low
1317,Low
1318,High
1319,High
1320,High
1321,Low
1322,Medium
1323,High
1324,High
1325,High
1326,Low
1327,Low
1328,High
1329,Low
1330,Medium
1331,High
1332,Low
1333,High
1334,High
1335,Medium
1336,Low
1337,High
1338,Low
1339,Low
1340,Low
1341,High
1342,High
1343,Low
1344,Low
1345,Low
1346,High
1347,High
1348,High
1349,High
1350,High
1351,High
1352,Low
1353,High
1354,Medium
1355,High
1356,High
1357,High
1358,Low
1359,High
1360,Low
1361,High
1362,High
1363,Low
1364,Low
1365,High
1366,Low
1367,Low
1368,High
1369,High
1370,High
1371,Low
1372,High
1373,Low
1374,Low
1375,High
1376,High
1377,Low
1378,Low
1379,High
1380,Low
1381,Low
1382,High
1383,High
1384,Low
1385,High
1386,High
1387,High
1388,High
1389,High
1390,Low
1391,High
1392,High
1393,High
1394,High
1395,High
1396,High
1397,High
1398,High
1399,High
1400,High
1401,High
1402,Medium
1403,Low
1404,High
1405,High
1406,Low
1407,Medium
1408,High
1409,High
1410,High
1411,Low
1412,Low
1413,Medium
1414,High
1415,Low
1416,High
1417,High
1418,Low
1419,Low
1420,Low
1421,High
1422,High
1423,Low
1424,Medium
1425,High
1426,High
1427,High
1428,Low
1429,High
1430,Medium
1431,High
1432,High
1433,High
1434,Low
1435,Low
1436,High
1437,High
1438,High
1439,Low
1440,Low
1441,High
1442,High
1443,Low
1444,Low
1445,High
1446,Low
1447,Low
1448,Low
1449,High
1450,High
1451,High
1452,Low
1453,High
1454,High
1455,Low
1456,Low
1457,High
1458,High
1459,High
1460,Medium
1461,Low
1462,High
1463,High
1464,High
1465,Low
1466,Low
1467,High
1468,High
1469,Medium
1470,High
1471,Low
1472,Medium
1473,High
1474,Low
1475,Low
1476,High
1477,Low
1478,High
1479,High
1480,High
1481,Low
1482,Low
1483,High
1484,Low
1485,Low
1486,High
1487,High
1488,Low
1489,High
1490,Low
1491,High
1492,Low
1493,High
1494,Low
1495,Low
1496,High
1497,High
1498,Low
1499,High
1500,Medium
1501,High
1502,High
1503,High
1504,High
1505,High
1506,High
1507,High
1508,High
1509,High
1510,High
1511,High
1512,Medium
1513,Low
1514,Medium
1515,High
1516,High
1517,High
1518,High
1519,High
1520,Medium
1521,Medium
1522,High
1523,Low
1524,Low
1525,High
1526,High
1527,High
1528,High
1529,High
1530,High
1531,High
1532,High
1533,High
1534,Medium
1535,High
1536,Low
1537,High
1538,Low
1539,Medium
1540,Low
1541,Medium
1542,High
1543,Low
1544,Low
1545,High
1546,Low
1547,High
1548,High
1549,Low
1550,High
1551,Medium
1552,Low
1553,High
1554,High
1555,High
1556,High
1557,High
1558,Low
1559,High
1560,High
1561,High
1562,High
1563,High
1564,High
1565,Low
1566,High
1567,High
1568,High
1569,High
1570,High
1571,High
1572,Medium
1573,Low
1574,High
1575,Low
1576,High
1577,High
1578,High
1579,Low
1580,Medium
1581,High
1582,High
1583,High
1584,Low
1585,Low
1586,Low
1587,High
1588,High
1589,High
1590,Low
1591,Low
1592,High
1593,High
1594,High
1595,Low
1596,High
1597,High
1598,Low
1599,High
1600,Low
1601,High
1602,High
1603,Low
1604,High
1605,High
1606,Medium
1607,Low
1608,High
1609,High
1610,High
1611,High
1612,Low
1613,High
1614,High
1615,High
1616,Low
1617,Low
1618,High
1619,High
1620,Low
1621,High
1622,High
1623,High
1624,Low
1625,Low
1626,High
1627,Low
1628,Low
1629,Low
1630,Low
1631,High
1632,High
1633,Low
1634,High
1635,High
1636,High
1637,High
1638,Medium
1639,High
1640,Medium
1641,Low
1642,High
1643,Low
1644,Medium
1645,Low
1646,Low
1647,Low
1648,High
1649,High
1650,Low
1651,Low
1652,Medium
1653,High
1654,High
1655,Low
1656,Medium
1657,High
1658,Medium
1659,Low
1660,High
1661,High
1662,Low
1663,Low
1664,High
1665,High
1666,High
1667,Medium
1668,High
1669,High
1670,High
1671,Low
1672,Low
1673,Low
1674,High
1675,High
1676,High
1677,High
1678,High
1679,High
1680,High
1681,High
1682,High
1683,High
1684,High
1685,Low
1686,High
1687,High
1688,Low
1689,High
1690,High
1691,High
1692,High
1693,High
1694,Low
1695,High
1696,High
1697,Low
1698,High
1699,High
1700,High
1701,High
1702,High
1703,Low
1704,High
1705,High
1706,High
1707,High
1708,High
1709,Low
1710,Low
1711,Medium
1712,Low
1713,Low
1714,High
1715,High
1716,High
1717,High
1718,High
1719,Low
1720,High
1721,Medium
1722,High
1723,High
1724,Low
1725,High
1726,High
1727,Low
1728,High
1729,Low
1730,Low
1731,High
1732,Low
1733,High
1734,Medium
1735,High
1736,High
1737,High
1738,Low
1739,High
1740,High
1741,High
1742,Low
1743,High
1744,Medium
1745,High
1746,High
1747,Low
1748,Medium
1749,High
1750,High
1751,High
1752,High
1753,Low
1754,High
1755,High
1756,High
1757,Low
1758,Medium
1759,High
1760,High
1761,Low
1762,High
1763,Medium
1764,Low
1765,Low
1766,High
1767,High
1768,Low
1769,Low
1770,High
1771,Medium
1772,High
1773,High
1774,Low
1775,High
1776,High
1777,High
1778,Medium
1779,Low
1780,Medium
1781,High
1782,High
1783,Low
1784,Low
1785,Low
1786,High
1787,High
1788,Low
1789,Low
1790,Low
1791,High
1792,High
1793,High
1794,High
1795,Medium
1796,Low
1797,Medium
1798,High
1799,Low
1800,Low
1801,Low
1802,High
1803,Low
1804,High
1805,High
1806,Low
1807,Medium
1808,High
1809,High
1810,High
1811,Low
1812,High
1813,High
1814,Low
1815,Medium
1816,Low
1817,High
1818,Low
1819,High
1820,High
1821,Low
1822,High
1823,Low
1824,Low
1825,High
1826,High
1827,High
1828,High
1829,High
1830,Low
1831,Low
1832,Low
1833,Low
1834,High
1835,Low
1836,High
1837,High
1838,High
1839,High
1840,Low
1841,Low
1842,Low
1843,High
1844,High
1845,Low
1846,High
1847,High
1848,Low
1849,High
1850,Low
1851,Low
1852,High
1853,High
1854,Medium
1855,High
1856,High
1857,Low
1858,Low
1859,High
1860,High
1861,Low
1862,High
1863,High
1864,High
1865,High
1866,High
1867,Low
1868,High
1869,Low
1870,Medium
1871,High
1872,High
1873,High
1874,High
1875,Low
1876,Low
1877,High
1878,High
1879,Medium
1880,High
1881,Low
1882,High
1883,High
1884,Low
1885,High
1886,High
1887,High
1888,Medium
1889,High
1890,High
1891,Low
1892,Low
1893,Low
1894,High
1895,Medium
1896,High
1897,High
1898,Low
1899,Low
1900,High
1901,Low
1902,High
1903,High
1904,High
1905,Low
1906,High
1907,High
1908,High
1909,Medium
1910,High
1911,Low
1912,High
1913,Low
1914,Low
1915,High
1916,High
1917,High
1918,Low
1919,High
1920,High
1921,Low
1922,High
1923,Medium
1924,High
1925,Low
1926,High
1927,Low
1928,Low
1929,High
1930,High
1931,Low
1932,Low
1933,Low
1934,Low
1935,Low
1936,High
1937,Low
1938,Medium
1939,Low
1940,High
1941,High
1942,Low
1943,High
1944,Low
1945,High
1946,Low
1947,Medium
1948,High
1949,High
1950,High
1951,High
1952,Low
1953,High
1954,High
1955,Low
1956,High
1957,Low
1958,High
1959,Low
1960,High
1961,Low
1962,High
1963,High
1964,Low
1965,Low
1966,High
1967,High
1968,High
1969,Medium
1970,Low
1971,High
1972,Low
1973,High
1974,Low
1975,Low
1976,Medium
1977,Low
1978,High
1979,High
1980,High
1981,High
1982,High
1983,High
1984,Low
1985,Low
1986,Low
1987,Low
1988,High
1989,High
1990,High
1991,Low
1992,High
1993,Low
1994,Low
1995,Low
1996,High
1997,Medium
1998,High
1999,High
2000,High
2001,Low
2002,High
2003,Low
2004,Medium
2005,Low
2006,High
2007,High
2008,High
2009,Low
2010,High
2011,Low
2012,High
2013,High
2014,Low
2015,Low
2016,Low
2017,High
2018,High
2019,High
2020,Low
2021,High
2022,High
2023,Medium
2024,High
2025,High
2026,High
2027,Low
2028,High
2029,High
2030,Low
2031,High
2032,High
2033,High
2034,High
2035,Medium
2036,Medium
2037,Low
2038,High
2039,Medium
2040,High
2041,Low
2042,Medium
2043,High
2044,High
2045,Medium
2046,Low
2047,High
2048,Low
2049,High
2050,Low
2051,Low
2052,Medium
2053,Low
2054,Low
2055,Low
2056,High
2057,Low
2058,Low
2059,Low
2060,Medium
2061,High
2062,Low
2063,High
2064,High
2065,High
2066,High
2067,High
2068,High
2069,High
2070,Medium
2071,Low
2072,High
2073,High
2074,Low
2075,Medium
2076,Low
2077,High
2078,High
2079,High
2080,High
2081,Low
2082,Low
2083,Low
2084,High
2085,High
2086,High
2087,Medium
2088,Low
2089,Low
2090,High
2091,Low
2092,Low
2093,High
2094,High
2095,Low
2096,High
2097,High
2098,High
2099,Low
2100,Low
2101,High
2102,High
2103,Low
2104,Low
2105,High
2106,High
2107,High
2108,High
2109,High
2110,Low
2111,Low
2112,Medium
2113,High
2114,Low
2115,Low
2116,High
2117,High
2118,High
2119,Low
2120,Low
2121,Low
2122,High
2123,High
2124,High
2125,High
2126,Low
2127,Low
2128,High
2129,High
2130,High
2131,Low
2132,Low
2133,High
2134,High
2135,High
2136,Low
2137,High
2138,Low
2139,High
2140,High
2141,High
2142,Low
2143,Medium
2144,High
2145,High
2146,High
2147,Low
2148,High
2149,High
2150,Low
2151,Low
2152,Low
2153,Low
2154,High
2155,High
2156,High
2157,Low
2158,Medium
2159,High
2160,High
2161,High
2162,High
2163,Low
2164,Low
2165,High
2166,High
2167,Low
2168,Low
2169,High
2170,High
2171,High
2172,High
2173,Medium
2174,High
2175,Low
2176,High
2177,Low
2178,Medium
2179,High
2180,High
2181,Low
2182,Low
2183,Low
2184,High
2185,Low
2186,High
2187,Low
2188,Medium
2189,High
2190,Low
2191,Low
2192,Low
2193,High
2194,Low
2195,Medium
2196,Low
2197,High
2198,High
2199,High
2200,High
2201,Low
2202,Low
2203,High
2204,High
2205,Low
2206,High
2207,High
2208,High
2209,High
2210,High
2211,Low
2212,High
2213,Low
2214,High
2215,Low
2216,Low
2217,High
2218,High
2219,High
2220,High
2221,Low
2222,High
2223,High
2224,Low
2225,Low
2226,High
2227,Low
2228,High
2229,Low
2230,High
2231,High
2232,High
2233,Medium
2234,Low
2235,High
2236,High
2237,Low
2238,Low
2239,High
2240,High
2241,Low
2242,High
2243,High
2244,Low
2245,Low
2246,Medium
2247,Low
2248,High
2249,High
2250,High
2251,High
2252,High
2253,Medium
2254,High
2255,Medium
2256,High
2257,High
2258,Low
2259,High
2260,Low
2261,Medium
2262,High
2263,Low
2264,Low
2265,High
2266,Low
2267,Low
2268,Low
2269,High
2270,High
2271,Low
2272,High
2273,Low
2274,High
2275,Low
2276,High
2277,Low
2278,High
2279,Low
2280,High
2281,Low
2282,Low
2283,High
2284,Medium
2285,High
2286,Low
2287,Low
2288,High
2289,High
2290,High
2291,Low
2292,Low
2293,High
2294,Low
2295,High
2296,High
2297,Low
2298,High
2299,Low
2300,High
2301,High
2302,Low
2303,High
2304,Low
2305,High
2306,Low
2307,High
2308,High
2309,Low
2310,High
2311,High
2312,High
2313,High
2314,High
2315,High
2316,High
2317,High
2318,Low
2319,High
2320,Low
2321,Low
2322,Low
2323,High
2324,Medium
2325,Low
2326,High
2327,Low
2328,Low
2329,Low
2330,Low
2331,Low
2332,Medium
2333,Low
2334,High
2335,High
2336,Low
2337,High
2338,Low
2339,High
2340,High
2341,Low
2342,Low
2343,High
2344,Low
2345,High
2346,Low
2347,Low
2348,High
2349,Low
2350,High
2351,High
2352,Low
2353,High
2354,High
2355,High
2356,Medium
2357,Medium
2358,High
2359,Low
2360,High
2361,High
2362,High
2363,Low
2364,Low
2365,High
2366,High
2367,High
2368,High
2369,High
2370,High
2371,Low
2372,Medium
2373,High
2374,High
2375,High
2376,High
2377,High
2378,Low
2379,High
2380,Low
2381,High
2382,Low
2383,High
2384,Medium
2385,High
2386,High
2387,Low
2388,High
2389,High
2390,Low
2391,Low
2392,High
2393,Low
2394,High
2395,High
2396,Low
2397,High
2398,Low
2399,High
2400,High
2401,High
2402,High
2403,High
2404,High
2405,High
2406,High
2407,Low
2408,High
2409,High
2410,Medium
2411,High
2412,High
2413,Medium
2414,Low
2415,High
2416,Low
2417,Low
2418,High
2419,High
2420,High
2421,High
2422,High
2423,Low
2424,High
2425,Low
2426,High
2427,High
2428,High
2429,High
2430,Low
2431,High
2432,Low
2433,Low
2434,Low
2435,Medium
2436,Low
2437,Low
2438,High
2439,High
2440,High
2441,High
2442,High
2443,Low
2444,Low
2445,High
2446,High
2447,High
2448,Low
2449,High
2450,Low
2451,High
2452,High
2453,Medium
2454,High
2455,High
2456,High
2457,Low
2458,Low
2459,Low
2460,High
2461,High
2462,Low
2463,High
2464,High
2465,Medium
2466,High
2467,Medium
2468,High
2469,Low
2470,High
2471,Low
2472,High
2473,Low
2474,Medium
2475,High
2476,High
2477,High
2478,High
2479,Medium
2480,High
2481,High
2482,High
2483,High
2484,Medium
2485,High
2486,High
2487,High
2488,High
2489,High
2490,Low
2491,High
2492,High
2493,High
2494,Low
2495,Low
2496,High
2497,Low
2498,High
2499,High
2500,Low
2501,High
2502,Low
2503,Low
2504,High
2505,Low
2506,Low
2507,High
2508,High
2509,High
2510,High
2511,Low
2512,High
2513,Low
2514,High
2515,High
2516,High
2517,High
2518,High
2519,High
2520,Low
2521,High
2522,Low
2523,High
2524,High
2525,High
2526,High
2527,High
2528,Low
2529,High
2530,Medium
2531,High
2532,Low
2533,Low
2534,High
2535,High
2536,High
2537,High
2538,Low
2539,High
2540,Low
2541,High
2542,High
2543,Low
2544,Low
2545,High
2546,High
2547,Low
2548,Low
2549,Low
2550,Medium
2551,High
2552,Low
2553,High
2554,Low
2555,High
2556,High
2557,Low
2558,Low
2559,Low
2560,High
2561,High
2562,Low
2563,High
2564,High
2565,Low
2566,High
2567,Low
2568,Low
2569,Medium
2570,Low
2571,Medium
2572,Low
2573,High
2574,High
2575,High
2576,High
2577,Medium
2578,High
2579,High
2580,High
2581,Low
2582,Low
2583,Low
2584,High
2585,High
2586,High
2587,High
2588,Low
2589,High
2590,High
2591,High
2592,High
2593,Low
2594,High
2595,High
2596,High
2597,High
2598,High
2599,High
2600,Low
2601,High
2602,High
2603,Low
2604,High
2605,Medium
2606,High
2607,High
2608,High
2609,High
2610,Low
2611,Low
2612,Low
2613,High
2614,High
2615,High
2616,High
2617,Low
2618,High
2619,Low
2620,High
2621,Low
2622,Low
2623,High
2624,Low
2625,Low
2626,High
2627,Low
2628,Low
2629,High
2630,High
2631,High
2632,Low
2633,Low
2634,Low
2635,High
2636,Low
2637,Low
2638,High
2639,Low
2640,Low
2641,Low
2642,High
2643,High
2644,High
2645,High
2646,Medium
2647,Low
2648,Low
2649,Low
2650,High
2651,High
2652,Medium
2653,High
2654,Low
2655,Low
2656,High
2657,High
2658,High
2659,Low
2660,Low
2661,High
2662,High
2663,High
2664,High
2665,Medium
2666,High
2667,High
2668,High
2669,High
2670,High
2671,High
2672,Low
2673,Medium
2674,High
2675,High
2676,Low
2677,Low
2678,Low
2679,High
2680,High
2681,Low
2682,Low
2683,High
2684,Low
2685,Low
2686,Medium
2687,High
2688,High
2689,High
2690,High
2691,High
2692,High
2693,High
2694,Low
2695,Low
2696,Medium
2697,Medium
2698,High
2699,High
2700,Low
2701,High
2702,High
2703,High
2704,High
2705,Medium
2706,High
2707,Low
2708,Low
2709,High
2710,High
2711,Medium
2712,Low
2713,High
2714,Low
2715,High
2716,Low
2717,High
2718,High
2719,Low
2720,High
2721,High
2722,Low
2723,High
2724,Low
2725,High
2726,High
2727,Low
2728,High
2729,High
2730,Medium
2731,High
2732,High
2733,High
2734,Medium
2735,Low
2736,High
2737,High
2738,High
2739,Low
2740,Low
2741,High
2742,Low
2743,Low
2744,High
2745,High
2746,Low
2747,Low
2748,Low
2749,Low
2750,High
2751,Low
2752,High
2753,Low
2754,High
2755,Low
2756,Low
2757,Low
2758,Low
2759,High
2760,Low
2761,Low
2762,High
2763,Medium
2764,Low
2765,Low
2766,Low
2767,High
2768,High
2769,Low
2770,Low
2771,Low
2772,Low
2773,High
2774,Low
2775,Low
2776,Low
2777,Low
2778,Low
2779,High
2780,High
2781,High
2782,Low
2783,Medium
2784,High
2785,Low
2786,Medium
2787,High
2788,High
2789,High
2790,Low
2791,High
2792,High
2793,Low
2794,High
2795,Low
2796,Low
2797,Low
2798,Low
2799,High
2800,Medium
2801,Low
2802,High
2803,High
2804,High
2805,High
2806,High
2807,Low
2808,High
2809,Low
2810,High
2811,High
2812,High
2813,High
2814,High
2815,High
2816,High
2817,Medium
2818,High
2819,High
2820,Low
2821,Low
2822,High
2823,High
2824,High
2825,High
2826,Low
2827,High
2828,High
2829,High
2830,High
2831,High
2832,Medium
2833,High
2834,High
2835,High
2836,High
2837,High
2838,Low
2839,High
2840,Low
2841,High
2842,High
2843,Low
2844,High
2845,High
2846,Low
2847,Low
2848,High
2849,High
2850,High
2851,High
2852,Medium
2853,High
2854,High
2855,High
2856,High
2857,Medium
2858,Low
2859,Low
2860,High
2861,Low
2862,Low
2863,High
2864,High
2865,High
2866,High
2867,Low
2868,High
2869,High
2870,Low
2871,High
2872,High
2873,Medium
2874,High
2875,Low
2876,Low
2877,Low
2878,Low
2879,Low
2880,High
2881,Low
2882,High
2883,High
2884,High
2885,High
2886,High
2887,High
2888,High
2889,Low
2890,Low
2891,High
2892,High
2893,High
2894,High
2895,Low
2896,High
2897,High
2898,Low
2899,Low
2900,High
2901,Medium
2902,High
2903,High
2904,High
2905,Low
2906,High
2907,Low
2908,High
2909,Medium
2910,High
2911,High
2912,Low
2913,High
2914,Low
2915,Medium
2916,High
2917,High
2918,High
2919,Low
2920,High
2921,High
2922,Medium
2923,High
2924,High
2925,High
2926,High
2927,Low
2928,Medium
2929,High
2930,Low
2931,High
2932,High
2933,High
2934,Low
2935,High
2936,High
2937,High
2938,High
2939,High
2940,High
2941,Medium
2942,Low
2943,Low
2944,Medium
2945,Low
2946,High
2947,High
2948,Low
2949,Medium
2950,High
2951,Low
2952,High
2953,Low
2954,Low
2955,High
2956,Medium
2957,High
2958,High
2959,High
2960,Low
2961,High
2962,Low
2963,High
2964,Low
2965,High
2966,High
2967,High
2968,High
2969,Low
2970,High
2971,Low
2972,High
2973,High
2974,Medium
2975,Low
2976,High
2977,High
2978,Medium
2979,Low
2980,Low
2981,Low
2982,High
2983,High
2984,High
2985,High
2986,High
2987,High
2988,High
2989,Low
2990,Low
2991,High
2992,Low
2993,High
2994,Low
2995,High
2996,Low
2997,High
2998,High
2999,High
3000,High
3001,High
3002,High
3003,High
3004,Medium
3005,High
3006,High
3007,High
3008,Low
3009,High
3010,Medium
3011,High
3012,High
3013,Low
3014,Low
3015,Low
3016,High
3017,High
3018,High
3019,High
3020,Low
3021,Medium
3022,High
3023,High
3024,High
3025,High
3026,High
3027,Low
3028,High
3029,High
3030,High
3031,High
3032,High
3033,High
3034,High
3035,High
3036,Low
3037,Low
3038,Low
3039,High
3040,Low
3041,Medium
3042,Low
3043,Medium
3044,High
3045,High
3046,Low
3047,High
3048,High
3049,High
3050,Low
3051,Low
3052,Low
3053,Medium
3054,Low
3055,High
3056,High
3057,Medium
3058,High
3059,Low
3060,High
3061,Low
3062,High
3063,High
3064,Low
3065,High
3066,High
3067,Low
3068,High
3069,Low
3070,Low
3071,Low
3072,Medium
3073,Low
3074,Low
3075,Low
3076,High
3077,Low
3078,High
3079,Medium
3080,Medium
3081,Low
3082,Medium
3083,Medium
3084,Low
3085,High
3086,Low
3087,Medium
3088,Low
3089,High
3090,High
3091,Medium
3092,High
3093,Low
3094,Low
3095,High
3096,High
3097,High
3098,High
3099,High
3100,High
3101,Low
3102,High
3103,Low
3104,High
3105,High
3106,Low
3107,High
3108,High
3109,High
3110,Low
3111,High
3112,High
3113,High
3114,Low
3115,Low
3116,High
3117,Medium
3118,Low
3119,Low
3120,Medium
3121,Low
3122,High
3123,High
3124,High
3125,Low
3126,High
3127,High
3128,High
3129,Low
3130,High
3131,Low
3132,High
3133,High
3134,Low
3135,High
3136,High
3137,High
3138,High
3139,High
3140,High
3141,Low
3142,High
3143,Low
3144,High
3145,Low
3146,Low
3147,Low
3148,High
3149,High
3150,High
3151,Low
3152,High
3153,Low
3154,High
3155,Low
3156,Low
3157,High
3158,High
3159,High
3160,Medium
3161,Low
3162,High
3163,High
3164,High
3165,High
3166,High
3167,High
3168,High
3169,High
3170,Low
3171,High
3172,Low
3173,Low
3174,Low
3175,High
3176,Low
3177,Low
3178,High
3179,Low
3180,High
3181,Low
3182,High
3183,Medium
3184,High
3185,High
3186,High
3187,Low
3188,High
3189,High
3190,High
3191,High
3192,Low
3193,Low
3194,Low
3195,High
3196,High
3197,Low
3198,High
3199,High
3200,High
3201,Low
3202,High
3203,Low
3204,Low
3205,Low
3206,High
3207,High
3208,High
3209,Low
3210,Low
3211,Low
3212,High
3213,Low
3214,High
3215,High
3216,High
3217,Low
3218,High
3219,High
3220,Low
3221,High
3222,High
3223,Low
3224,High
3225,High
3226,High
3227,Medium
3228,High
3229,High
3230,Low
3231,Low
3232,High
3233,High
3234,High
3235,Low
3236,High
3237,High
3238,Low
3239,Medium
3240,High
3241,Medium
3242,Low
3243,High
3244,High
3245,High
3246,High
3247,Low
3248,High
3249,Low
3250,Low
3251,High
3252,High
3253,High
3254,Low
3255,High
3256,High
3257,Low
3258,Low
3259,High
3260,High
3261,Low
3262,High
3263,High
3264,High
3265,Low
3266,Low
3267,Low
3268,High
3269,High
3270,High
3271,Low
3272,Low
3273,Low
3274,High
3275,Low
3276,High
3277,High
3278,High
3279,High
3280,Low
3281,High
3282,High
3283,Low
3284,High
3285,High
3286,High
3287,Low
3288,High
3289,High
3290,High
3291,Low
3292,High
3293,High
3294,Low
3295,High
3296,High
3297,Low
3298,Medium
3299,High
3300,Low
3301,Low
3302,Low
3303,High
3304,Medium
3305,High
3306,Low
3307,Medium
3308,High
3309,Low
3310,High
3311,Medium
3312,High
3313,High
3314,High
3315,High
3316,Medium
3317,High
3318,Low
3319,Low
3320,Medium
3321,High
3322,High
3323,High
3324,Low
3325,High
3326,High
3327,High
3328,Low
3329,High
3330,High
3331,Low
3332,High
3333,Medium
3334,High
3335,Low
3336,Medium
3337,High
3338,Low
3339,High
3340,High
3341,Medium
3342,Low
3343,Low
3344,Low
3345,Low
3346,High
3347,Low
3348,Low
3349,Low
3350,Low
3351,High
3352,High
3353,High
3354,Low
3355,High
3356,Low
3357,Low
3358,High
3359,High
3360,Low
3361,High
3362,High
3363,High
3364,Low
3365,High
3366,Low
3367,High
3368,Low
3369,High
3370,High
3371,High
3372,High
3373,High
3374,Low
3375,High
3376,High
3377,High
3378,Low
3379,High
3380,High
3381,High
3382,High
3383,High
3384,High
3385,Low
3386,High
3387,High
3388,Low
3389,High
3390,Low
3391,Low
3392,Low
3393,Medium
3394,Low
3395,High
3396,Medium
3397,Low
3398,Medium
3399,High
3400,Low
3401,Low
3402,Medium
3403,Low
3404,High
3405,Low
3406,High
3407,High
3408,Low
3409,Low
3410,High
3411,High
3412,High
3413,Low
3414,High
3415,High
3416,Low
3417,High
3418,Low
3419,High
3420,High
3421,High
3422,Low
3423,Low
3424,Medium
3425,Medium
3426,Low
3427,High
3428,Low
3429,Low
3430,High
3431,High
3432,High
3433,High
3434,High
3435,High
3436,High
3437,High
3438,High
3439,Low
3440,High
3441,Low
3442,Medium
3443,High
3444,Low
3445,High
3446,High
3447,High
3448,Low
3449,High
3450,High
3451,High
3452,Low
3453,High
3454,High
3455,High
3456,High
3457,Low
3458,High
3459,High
3460,High
3461,Low
3462,Low
3463,Low
3464,High
3465,Low
3466,Low
3467,High
3468,High
3469,High
3470,High
3471,High
3472,High
3473,High
3474,Low
3475,High
3476,High
3477,Low
3478,Low
3479,High
3480,High
3481,Medium
3482,High
3483,Low
3484,High
3485,High
3486,Low
3487,High
3488,Low
3489,High
3490,High
3491,High
3492,Low
3493,Low
3494,High
3495,High
3496,High
3497,Low
3498,High
3499,High
3500,Low
3501,Low
3502,High
3503,High
3504,High
3505,High
3506,High
3507,Medium
3508,High
3509,High
3510,High
3511,Low
3512,Low
3513,High
3514,High
3515,Medium
3516,Medium
3517,Low
3518,High
3519,Low
3520,High
3521,High
3522,Low
3523,High
3524,Low
3525,High
3526,High
3527,High
3528,High
3529,Low
3530,High
3531,Low
3532,High
3533,High
3534,High
3535,High
3536,High
3537,Low
3538,High
3539,Low
3540,High
3541,High
3542,Low
3543,High
3544,Low
3545,High
3546,Low
3547,Low
3548,Low
3549,High
3550,High
3551,High
3552,Medium
3553,Low
3554,Low
3555,Low
3556,High
3557,High
3558,High
3559,Low
3560,High
3561,High
3562,High
3563,High
3564,Low
3565,Low
3566,High
3567,High
3568,High
3569,High
3570,High
3571,High
3572,High
3573,High
3574,High
3575,High
3576,High
3577,High
3578,High
3579,High
3580,High
3581,Low
3582,High
3583,Low
3584,Low
3585,Low
3586,Low
3587,Medium
3588,Low
3589,Low
3590,High
3591,High
3592,High
3593,Low
3594,High
3595,High
3596,Low
3597,Low
3598,High
3599,High
3600,High
3601,High
3602,High
3603,High
3604,High
3605,High
3606,High
3607,High
3608,Low
3609,High
3610,Medium
3611,High
3612,High
3613,High
3614,Low
3615,High
3616,High
3617,High
3618,High
3619,High
3620,Medium
3621,Low
3622,Low
3623,Medium
3624,High
3625,High
3626,High
3627,High
3628,High
3629,Low
3630,Low
3631,High
3632,High
3633,Low
3634,Medium
3635,High
3636,Low
3637,Low
3638,Low
3639,High
3640,High
3641,High
3642,High
3643,Low
3644,High
3645,High
3646,High
3647,Low
3648,High
3649,High
3650,High
3651,High
3652,High
3653,High
3654,High
3655,Medium
3656,High
3657,Low
3658,High
3659,Low
3660,High
3661,Medium
3662,Low
3663,High
3664,Low
3665,High
3666,Low
3667,High
3668,Medium
3669,Low
3670,High
3671,Medium
3672,Medium
3673,Low
3674,High
3675,Medium
3676,High
3677,High
3678,Medium
3679,High
3680,High
3681,High
3682,High
3683,Medium
3684,High
3685,Low
3686,High
3687,High
3688,Medium
3689,High
3690,Low
3691,High
3692,Low
3693,High
3694,Medium
3695,Low
3696,High
3697,Low
3698,High
3699,Medium
3700,High
3701,High
3702,Low
3703,High
3704,Low
3705,High
3706,High
3707,High
3708,High
3709,High
3710,High
3711,Low
3712,Low
3713,High
3714,High
3715,Low
3716,High
3717,High
3718,Low
3719,Medium
3720,High
3721,Low
3722,High
3723,Low
3724,High
3725,Low
3726,High
3727,High
3728,Low
3729,High
3730,High
3731,Medium
3732,Low
3733,High
3734,Low
3735,High
3736,Low
3737,Low
3738,Low
3739,High
3740,Low
3741,Medium
3742,Low
3743,High
3744,High
3745,Low
3746,High
3747,High
3748,High
3749,Low
3750,Medium
3751,High
3752,High
3753,High
3754,High
3755,High
3756,Low
3757,Low
3758,High
3759,High
3760,Low
3761,High
3762,Low
3763,High
3764,Low
3765,High
3766,Medium
3767,Medium
3768,High
3769,Low
3770,Low
3771,Low
3772,Medium
3773,High
3774,Low
3775,Low
3776,High
3777,High
3778,Medium
3779,Low
3780,Low
3781,Low
3782,Low
3783,High
3784,High
3785,High
3786,High
3787,High
3788,Low
3789,High
3790,High
3791,High
3792,Low
3793,High
3794,High
3795,Low
3796,High
3797,High
3798,Low
3799,Low
3800,High
3801,High
3802,High
3803,Low
3804,High
3805,High
3806,High
3807,High
3808,High
3809,Low
3810,High
3811,High
3812,Low
3813,Low
3814,High
3815,Low
3816,High
3817,Medium
3818,Low
3819,High
3820,High
3821,Low
3822,High
3823,High
3824,Low
3825,Low
3826,High
3827,High
3828,High
3829,High
3830,High
3831,Low
3832,Medium
3833,Low
3834,Low
3835,High
3836,High
3837,Medium
3838,High
3839,Low
3840,Low
3841,High
3842,Low
3843,High
3844,High
3845,High
3846,High
3847,High
3848,Low
3849,High
3850,High
3851,High
3852,Low
3853,Medium
3854,Low
3855,Low
3856,High
3857,Medium
3858,Low
3859,High
3860,Low
3861,High
3862,High
3863,High
3864,High
3865,Low
3866,High
3867,High
3868,High
3869,Low
3870,Low
3871,Low
3872,High
3873,High
3874,High
3875,High
3876,Medium
3877,High
3878,High
3879,High
3880,Low
3881,Low
3882,High
3883,Low
3884,High
3885,High
3886,High
3887,High
3888,High
3889,Low
3890,High
3891,Medium
3892,High
3893,Low
3894,High
3895,Low
3896,High
3897,High
3898,High
3899,Medium
3900,High
3901,High
3902,High
3903,Low
3904,High
3905,High
3906,High
3907,High
3908,High
3909,Low
3910,High
3911,High
3912,High
3913,Low
3914,High
3915,High
3916,High
3917,Low
3918,High
3919,Low
3920,High
3921,Low
3922,High
3923,High
3924,Low
3925,High
3926,Low
3927,Low
3928,Medium
3929,Low
3930,High
3931,Low
3932,High
3933,High
3934,High
3935,High
3936,High
3937,Low
3938,High
3939,High
3940,High
3941,Low
3942,Low
3943,High
3944,Medium
3945,High
3946,High
3947,Low
3948,High
3949,High
3950,High
3951,High
3952,High
3953,High
3954,High
3955,High
3956,High
3957,High
3958,Low
3959,Low
3960,High
3961,High
3962,High
3963,Low
3964,High
3965,High
3966,Low
3967,High
3968,Medium
3969,High
3970,High
3971,Low
3972,High
3973,High
3974,High
3975,High
3976,High
3977,Medium
3978,High
3979,High
3980,Low
3981,High
3982,Medium
3983,High
3984,High
3985,Low
3986,High
3987,High
3988,High
3989,High
3990,High
3991,High
3992,High
3993,Low
3994,Medium
3995,High
3996,Medium
3997,Low
3998,High
3999,High
4000,Low
4001,High
4002,High
4003,Low
4004,High
4005,Low
4006,Low
4007,Medium
4008,Low
4009,High
4010,Low
4011,High
4012,Medium
4013,Low
4014,High
4015,Low
4016,Low
4017,High
4018,High
4019,Low
4020,Low
4021,High
4022,High
4023,Medium
4024,High
4025,High
4026,High
4027,High
4028,High
4029,Low
4030,High
4031,High
4032,High
4033,High
4034,Low
4035,Low
4036,High
4037,High
4038,Low
4039,Low
4040,Low
4041,High
4042,High
4043,High
4044,High
4045,Medium
4046,Low
4047,High
4048,Low
4049,High
4050,Low
4051,High
4052,High
4053,Low
4054,Low
4055,High
4056,High
4057,Low
4058,High
4059,High
4060,High
4061,High
4062,Low
4063,High
4064,High
4065,High
4066,High
4067,Low
4068,High
4069,High
4070,High
4071,High
4072,Low
4073,Low
4074,High
4075,High
4076,High
4077,Low
4078,High
4079,High
4080,Low
4081,Low
4082,Low
4083,High
4084,High
4085,High
4086,High
4087,High
4088,High
4089,Low
4090,High
4091,High
4092,Medium
4093,High
4094,Medium
4095,Low
4096,High
4097,Low
4098,Low
4099,Low
4100,High
4101,Medium
4102,High
4103,High
4104,High
4105,High
4106,Low
4107,High
4108,High
4109,High
4110,High
4111,High
4112,High
4113,High
4114,High
4115,High
4116,High
4117,Low
4118,Low
4119,High
4120,High
4121,Low
4122,High
4123,High
4124,Low
4125,Medium
4126,High
4127,High
4128,Low
4129,High
4130,Low
4131,High
4132,Low
4133,Low
4134,High
4135,Low
4136,Low
4137,Medium
4138,High
4139,High
4140,High
4141,High
4142,High
4143,High
4144,High
4145,High
4146,High
4147,High
4148,Low
4149,High
4150,High
4151,High
4152,High
4153,High
4154,High
4155,High
4156,Low
4157,Low
4158,High
4159,Low
4160,High
4161,High
4162,High
4163,Low
4164,High
4165,High
4166,High
4167,High
4168,Low
4169,High
4170,Low
4171,High
4172,High
4173,High
4174,High
4175,High
4176,Medium
4177,High
4178,Low
4179,Low
4180,Low
4181,High
4182,High
4183,Medium
4184,High
4185,High
4186,High
4187,High
4188,Medium
4189,High
4190,High
4191,High
4192,Low
4193,High
4194,High
4195,Low
4196,Low
4197,Low
4198,High
4199,Low
4200,Low
4201,High
4202,Low
4203,Low
4204,High
4205,Low
4206,High
4207,High
4208,High
4209,High
4210,High
4211,Medium
4212,Low
4213,Low
4214,Low
4215,High
4216,High
4217,High
4218,High
4219,High
4220,High
4221,Low
4222,High
4223,High
4224,Low
4225,Medium
4226,Low
4227,Low
4228,High
4229,High
4230,High
4231,High
4232,High
4233,High
4234,Low
4235,High
4236,High
4237,High
4238,High
4239,Low
4240,High
4241,Low
4242,High
4243,High
4244,High
4245,High
4246,High
4247,High
4248,High
4249,High
4250,Low
4251,High
4252,High
4253,Low
4254,High
4255,Medium
4256,Medium
4257,Medium
4258,High
4259,Low
4260,High
4261,High
4262,Low
4263,Medium
4264,High
4265,Low
4266,High
4267,High
4268,High
4269,High
4270,High
4271,High
4272,Low
4273,High
4274,Low
4275,Medium
4276,Medium
4277,High
4278,High
4279,Low
4280,High
4281,Low
4282,Medium
4283,High
4284,Low
4285,High
4286,High
4287,High
4288,High
4289,High
4290,High
4291,High
4292,Low
4293,High
4294,Low
4295,High
4296,Low
4297,Medium
4298,High
4299,High
4300,Low
4301,High
4302,High
4303,High
4304,High
4305,Low
4306,High
4307,High
4308,High
4309,High
4310,High
4311,High
4312,High
4313,High
4314,Low
4315,High
4316,High
4317,High
4318,Medium
4319,High
4320,High
4321,High
4322,Low
4323,High
4324,High
4325,High
4326,High
4327,High
4328,High
4329,High
4330,High
4331,Low
4332,High
4333,Low
4334,Low
4335,High
4336,Low
4337,High
4338,High
4339,High
4340,Low
4341,High
4342,High
4343,Medium
4344,Low
4345,Low
4346,High
4347,High
4348,High
4349,High
4350,High
4351,High
4352,High
4353,High
4354,Low
4355,High
4356,Low
4357,High
4358,High
4359,Low
4360,Low
4361,Medium
4362,Low
4363,High
4364,High
4365,Low
4366,Medium
4367,High
4368,High
4369,Low
4370,Low
4371,High
4372,High
4373,High
4374,High
4375,Low
4376,High
4377,Low
4378,High
4379,Low
4380,Low
4381,Low
4382,High
4383,High
4384,Low
4385,Low
4386,High
4387,Low
4388,High
4389,Low
4390,High
4391,Low
4392,Low
4393,Medium
4394,High
4395,High
4396,High
4397,Low
4398,High
4399,Low
4400,High
4401,High
4402,High
4403,Low
4404,Low
4405,High
4406,Low
4407,High
4408,Low
4409,Medium
4410,High
4411,Low
4412,High
4413,Low
4414,High
4415,Low
4416,Medium
4417,Low
4418,High
4419,High
4420,Medium
4421,High
4422,High
4423,High
4424,High
4425,Medium
4426,High
4427,High
4428,High
4429,High
4430,Low
4431,Low
4432,Low
4433,High
4434,Low
4435,Low
4436,High
4437,High
4438,Medium
4439,High
4440,High
4441,High
4442,High
4443,High
4444,High
4445,High
4446,High
4447,Low
4448,High
4449,High
4450,High
4451,High
4452,Medium
4453,High
4454,High
4455,High
4456,High
4457,High
4458,High
4459,Low
4460,Low
4461,Medium
4462,High
4463,High
4464,High
4465,High
4466,High
4467,High
4468,High
4469,High
4470,Medium
4471,High
4472,Low
4473,Low
4474,Low
4475,High
4476,High
4477,Low
4478,High
4479,High
4480,Medium
4481,High
4482,High
4483,High
4484,High
4485,High
4486,Low
4487,Low
4488,High
4489,High
4490,Low
4491,High
4492,Low
4493,Medium
4494,High
4495,High
4496,Low
4497,Low
4498,High
4499,High
4500,Low
4501,High
4502,Low
4503,High
4504,Low
4505,High
4506,High
4507,High
4508,Low
4509,High
4510,High
4511,Low
4512,Low
4513,Low
4514,High
4515,Low
4516,High
4517,High
4518,Low
4519,Low
4520,Low
4521,Low
4522,High
4523,High
4524,High
4525,High
4526,High
4527,Low
4528,Low
4529,Medium
4530,Low
4531,High
4532,High
4533,High
4534,Low
4535,High
4536,High
4537,Low
4538,High
4539,High
4540,High
4541,High
4542,High
4543,High
4544,Medium
4545,High
4546,Low
4547,Low
4548,High
4549,High
4550,High
4551,High
4552,Low
4553,Low
4554,High
4555,Low
4556,High
4557,High
4558,High
4559,Low
4560,High
4561,High
4562,Low
4563,High
4564,High
4565,High
4566,High
4567,Medium
4568,High
4569,High
4570,Low
4571,Medium
4572,High
4573,Low
4574,High
4575,High
4576,Medium
4577,High
4578,Low
4579,High
4580,High
4581,High
4582,Low
4583,High
4584,High
4585,Low
4586,High
4587,High
4588,High
4589,High
4590,High
4591,High
4592,High
4593,Low
4594,Medium
4595,Low
4596,High
4597,Low
4598,High
4599,High
4600,High
4601,High
4602,High
4603,High
4604,High
4605,Low
4606,High
4607,High
4608,High
4609,Medium
4610,Low
4611,Low
4612,Low
4613,Low
4614,High
4615,Low
4616,High
4617,Low
4618,High
4619,High
4620,High
4621,Low
4622,High
4623,High
4624,High
4625,Low
4626,High
4627,Medium
4628,High
4629,High
4630,Low
4631,Medium
4632,High
4633,High
4634,Low
4635,Medium
4636,High
4637,High
4638,Low
4639,High
4640,Medium
4641,Low
4642,Low
4643,High
4644,High
4645,High
4646,High
4647,Low
4648,Low
4649,High
4650,High
4651,High
4652,High
4653,High
4654,Low
4655,Low
4656,Low
4657,Medium
4658,High
4659,Medium
4660,High
4661,High
4662,High
4663,Low
4664,High
4665,High
4666,High
4667,High
4668,Medium
4669,High
4670,High
4671,High
4672,High
4673,Low
4674,High
4675,High
4676,Low
4677,High
4678,High
4679,High
4680,High
4681,High
4682,Low
4683,High
4684,Medium
4685,Low
4686,High
4687,High
4688,Low
4689,Low
4690,High
4691,Low
4692,Low
4693,Low
4694,High
4695,High
4696,High
4697,High
4698,Medium
4699,High
4700,Low
4701,Low
4702,Low
4703,Low
4704,High
4705,High
4706,Medium
4707,Low
4708,Low
4709,High
4710,Low
4711,High
4712,High
4713,High
4714,High
4715,High
4716,High
4717,High
4718,Low
4719,High
4720,High
4721,High
4722,High
4723,High
4724,High
4725,High
4726,High
4727,High
4728,Low
4729,Medium
4730,Low
4731,High
4732,High
4733,High
4734,Low
4735,Low
4736,Low
4737,Low
4738,High
4739,High
4740,High
4741,High
4742,High
4743,High
4744,High
4745,High
4746,High
4747,Low
4748,High
4749,High
4750,High
4751,Low
4752,Low
4753,Low
4754,High
4755,High
4756,High
4757,High
4758,Low
4759,High
4760,High
4761,Medium
4762,High
4763,Low
4764,Low
4765,Low
4766,Low
4767,High
4768,High
4769,High
4770,Low
4771,Low
4772,Low
4773,High
4774,High
4775,Low
4776,Medium
4777,Medium
4778,High
4779,Low
4780,High
4781,High
4782,High
4783,Low
4784,Low
4785,Low
4786,Low
4787,Low
4788,High
4789,High
4790,High
4791,Low
4792,Low
4793,High
4794,High
4795,Low
4796,High
4797,Low
4798,High
4799,Low
4800,Low
4801,Low
4802,High
4803,High
4804,Low
4805,Low
4806,High
4807,High
4808,High
4809,High
4810,Low
4811,High
4812,High
4813,High
4814,Low
4815,High
4816,Low
4817,High
4818,Medium
4819,High
4820,Low
4821,Low
4822,Medium
4823,High
4824,High
4825,High
4826,Low
4827,Low
4828,Medium
4829,Medium
4830,High
4831,Low
4832,High
4833,High
4834,Low
4835,Low
4836,Low
4837,High
4838,Low
4839,High
4840,High
4841,High
4842,Low
4843,High
4844,Medium
4845,High
4846,High
4847,High
4848,High
4849,Low
4850,Low
4851,Low
4852,High
4853,Low
4854,Low
4855,High
4856,Low
4857,High
4858,Low
4859,High
4860,High
4861,High
4862,High
4863,High
4864,High
4865,Low
4866,Low
4867,Low
4868,Low
4869,High
4870,Medium
4871,Low
4872,High
4873,Medium
4874,High
4875,High
4876,Low
4877,Low
4878,High
4879,Low
4880,High
4881,High
4882,High
4883,High
4884,High
4885,Medium
4886,High
4887,High
4888,Low
4889,High
4890,Low
4891,Low
4892,High
4893,Low
4894,Low
4895,Low
4896,High
4897,Low
4898,Low
4899,Low
4900,Low
4901,Low
4902,Low
4903,Medium
4904,High
4905,Low
4906,Low
4907,Low
4908,High
4909,High
4910,High
4911,Low
4912,High
4913,Low
4914,High
4915,Low
4916,High
4917,High
4918,Low
4919,High
4920,Low
4921,High
4922,High
4923,High
4924,High
4925,High
4926,High
4927,High
4928,High
4929,High
4930,Low
4931,Low
4932,Low
4933,High
4934,High
4935,Medium
4936,High
4937,High
4938,Low
4939,Medium
4940,High
4941,Low
4942,High
4943,Low
4944,Medium
4945,Low
4946,High
4947,Low
4948,High
4949,Low
4950,High
4951,High
4952,High
4953,Low
4954,Medium
4955,Low
4956,Low
4957,Low
4958,High
4959,Low
4960,Low
4961,Low
4962,Low
4963,High
4964,Medium
4965,Low
4966,Low
4967,Low
4968,Low
4969,High
4970,Low
4971,High
4972,Low
4973,High
4974,Low
4975,High
4976,High
4977,High
4978,High
4979,High
4980,High
4981,High
4982,High
4983,High
4984,High
4985,Low
4986,Low
4987,High
4988,High
4989,Low
4990,High
4991,High
4992,High
4993,High
4994,High
4995,High
4996,Low
4997,Medium
4998,Low
4999,Medium
5000,High
5001,Low
5002,High
5003,High
5004,High
5005,High
5006,Low
5007,High
5008,Low
5009,Low
5010,Low
5011,Medium
5012,High
5013,Low
5014,High
5015,High
5016,High
5017,Low
5018,Low
5019,High
5020,High
5021,Medium
5022,Low
5023,High
5024,High
5025,Low
5026,High
5027,Medium
5028,Low
5029,Low
5030,High
5031,Low
5032,High
5033,Low
5034,Medium
5035,Low
5036,High
5037,High
5038,High
5039,Low
5040,Low
5041,High
5042,High
5043,High
5044,Low
5045,High
5046,High
5047,Low
5048,Low
5049,High
5050,Low
5051,High
5052,High
5053,High
5054,High
5055,High
5056,Low
5057,High
5058,High
5059,High
5060,Low
5061,Low
5062,High
5063,High
5064,High
5065,High
5066,Low
5067,Low
5068,Low
5069,High
5070,High
5071,High
5072,High
5073,High
5074,High
5075,High
5076,High
5077,High
5078,Medium
5079,High
5080,High
5081,High
5082,High
5083,High
5084,High
5085,High
5086,Low
5087,High
5088,High
5089,High
5090,High
5091,High
5092,Low
5093,Low
5094,High
5095,High
5096,Low
5097,High
5098,Medium
5099,High
5100,High
5101,Medium
5102,High
5103,High
5104,High
5105,Low
5106,High
5107,High
5108,High
5109,Low
5110,High
5111,Medium
5112,High
5113,Medium
5114,High
5115,High
5116,Low
5117,High
5118,High
5119,Low
5120,Low
5121,High
5122,Low
5123,Low
5124,Low
5125,Medium
5126,Low
5127,Low
5128,High
5129,Medium
5130,High
5131,Low
5132,High
5133,High
5134,High
5135,High
5136,High
5137,High
5138,High
5139,High
5140,High
5141,Low
5142,High
5143,High
5144,High
5145,Low
5146,High
5147,High
5148,High
5149,High
5150,Low
5151,Low
5152,High
5153,High
5154,High
5155,High
5156,High
5157,High
5158,High
5159,High
5160,High
5161,Medium
5162,Low
5163,High
5164,High
5165,Low
5166,High
5167,Low
5168,Low
5169,Medium
5170,Low
5171,High
5172,High
5173,High
5174,Low
5175,High
5176,High
5177,High
5178,High
5179,High
5180,High
5181,Low
5182,High
5183,High
5184,High
5185,Low
5186,High
5187,High
5188,High
5189,High
5190,High
5191,High
5192,High
5193,Low
5194,High
5195,High
5196,High
5197,High
5198,Low
5199,High
5200,High
5201,High
5202,Low
5203,Low
5204,High
5205,Medium
5206,High
5207,High
5208,High
5209,High
5210,High
5211,High
5212,High
5213,High
5214,High
5215,Low
5216,High
5217,High
5218,Medium
5219,High
5220,High
5221,High
5222,High
5223,High
5224,High
5225,High
5226,High
5227,Low
5228,High
5229,Low
5230,High
5231,Low
5232,High
5233,Medium
5234,High
5235,Low
5236,High
5237,High
5238,High
5239,High
5240,Low
5241,High
5242,High
5243,Low
5244,High
5245,High
5246,High
5247,High
5248,High
5249,Medium
5250,Low
5251,Low
5252,High
5253,Low
5254,High
5255,Low
5256,High
5257,High
5258,Low
5259,High
5260,Low
5261,High
5262,High
5263,High
5264,Low
5265,Low
5266,High
5267,High
5268,High
5269,High
5270,Low
5271,Low
5272,High
5273,High
5274,Medium
5275,High
5276,High
5277,High
5278,High
5279,Low
5280,High
5281,Low
5282,Low
5283,High
5284,High
5285,High
5286,High
5287,Low
5288,Low
5289,Low
5290,Low
5291,High
5292,Low
5293,Low
5294,Low
5295,Medium
5296,Medium
5297,High
5298,Medium
5299,High
5300,High
5301,High
5302,High
5303,High
5304,High
5305,High
5306,High
5307,High
5308,High
5309,High
5310,High
5311,High
5312,High
5313,High
5314,High
5315,Low
5316,Low
5317,High
5318,High
5319,High
5320,High
5321,Low
5322,High
5323,Medium
5324,High
5325,High
5326,High
5327,Low
5328,High
5329,High
5330,High
5331,Low
5332,High
5333,High
5334,Low
5335,High
5336,Low
5337,Low
5338,Low
5339,Low
5340,High
5341,High
5342,High
5343,High
5344,High
5345,High
5346,Low
5347,High
5348,High
5349,High
5350,Low
5351,High
5352,High
5353,Low
5354,High
5355,High
5356,High
5357,Low
5358,Medium
5359,Medium
5360,Medium
5361,Low
5362,Low
5363,High
5364,High
5365,High
5366,Low
5367,High
5368,Low
5369,Medium
5370,Low
5371,High
5372,High
5373,High
5374,Low
5375,High
5376,High
5377,High
5378,High
5379,Low
5380,High
5381,High
5382,Medium
5383,Medium
5384,High
5385,High
5386,Low
5387,High
5388,High
5389,Low
5390,High
5391,High
5392,High
5393,High
5394,Medium
5395,High
5396,Low
5397,Low
5398,High
5399,High
5400,High
5401,High
5402,High
5403,High
5404,High
5405,High
5406,High
5407,High
5408,Medium
5409,High
5410,High
5411,High
5412,Low
5413,High
5414,Low
5415,High
5416,High
5417,High
5418,High
5419,Medium
5420,High
5421,High
5422,High
5423,High
5424,High
5425,High
5426,High
5427,High
5428,High
5429,High
5430,Low
5431,Low
5432,High
5433,Medium
5434,Low
5435,High
5436,Low
5437,Low
5438,Low
5439,Low
5440,High
5441,High
5442,High
5443,High
5444,Low
5445,High
5446,High
5447,High
5448,High
5449,High
5450,High
5451,Low
5452,Low
5453,High
5454,Low
5455,Low
5456,High
5457,High
5458,High
5459,Low
5460,Low
5461,Low
5462,Low
5463,High
5464,High
5465,High
5466,High
5467,Low
5468,High
5469,High
5470,Low
5471,Low
5472,Low
5473,High
5474,High
5475,Low
5476,High
5477,Low
5478,High
5479,Low
5480,Medium
5481,Low
5482,High
5483,High
5484,High
5485,High
5486,Low
5487,Medium
5488,Low
5489,Medium
5490,Low
5491,High
5492,High
5493,High
5494,High
5495,Low
5496,High
5497,Low
5498,High
5499,Medium
5500,Low
5501,High
5502,High
5503,Low
5504,Low
5505,High
5506,High
5507,Low
5508,Low
5509,Low
5510,High
5511,High
5512,High
5513,High
5514,Low
5515,High
5516,High
5517,Low
5518,High
5519,High
5520,Low
5521,High
5522,Low
5523,High
5524,Low
5525,High
5526,Medium
5527,High
5528,Medium
5529,High
5530,Low
5531,High
5532,Low
5533,High
5534,Low
5535,High
5536,Low
5537,Low
5538,High
5539,High
5540,High
5541,High
5542,High
5543,High
5544,High
5545,High
5546,High
5547,Low
5548,Low
5549,High
5550,Low
5551,High
5552,Low
5553,Low
5554,High
5555,High
5556,Low
5557,Medium
5558,High
5559,High
5560,High
5561,Low
5562,Low
5563,High
5564,High
5565,Low
5566,High
5567,Medium
5568,Low
5569,High
5570,High
5571,Low
5572,Low
5573,High
5574,High
5575,Low
5576,Low
5577,Low
5578,Low
5579,Low
5580,Low
5581,Medium
5582,High
5583,High
5584,High
5585,Low
5586,Low
5587,High
5588,Medium
5589,High
5590,Low
5591,High
5592,Low
5593,Low
5594,High
5595,High
5596,High
5597,Low
5598,Medium
5599,Low
5600,High
5601,Low
5602,Low
5603,High
5604,High
5605,Low
5606,High
5607,High
5608,High
5609,High
5610,High
5611,High
5612,High
5613,High
5614,High
5615,High
5616,Medium
5617,High
5618,High
5619,Low
5620,High
5621,Low
5622,High
5623,Low
5624,High
5625,Low
5626,Low
5627,High
5628,High
5629,High
5630,High
5631,High
5632,Low
5633,High
5634,High
5635,High
5636,High
5637,High
5638,Low
5639,High
5640,High
5641,High
5642,High
5643,High
5644,Low
5645,High
5646,Low
5647,High
5648,High
5649,High
5650,High
5651,Low
5652,Medium
5653,High
5654,Low
5655,High
5656,High
5657,High
5658,Low
5659,High
5660,High
5661,Low
5662,High
5663,Low
5664,Low
5665,Medium
5666,Low
5667,High
5668,High
5669,High
5670,High
5671,Medium
5672,High
5673,High
5674,Low
5675,Medium
5676,Low
5677,High
5678,Low
5679,High
5680,High
5681,High
5682,Low
5683,High
5684,High
5685,High
5686,High
5687,High
5688,High
5689,High
5690,High
5691,High
5692,Low
5693,High
5694,High
5695,Medium
5696,Medium
5697,High
5698,High
5699,Low
5700,High
5701,High
5702,High
5703,Low
5704,Low
5705,High
5706,Low
5707,High
5708,High
5709,High
5710,High
5711,High
5712,High
5713,High
5714,Low
5715,High
5716,Low
5717,High
5718,Low
5719,Low
5720,Low
5721,Low
5722,High
5723,Low
5724,High
5725,High
5726,High
5727,High
5728,High
5729,Low
5730,High
5731,Low
5732,Low
5733,High
5734,High
5735,Low
5736,Low
5737,High
5738,Low
5739,Medium
5740,High
5741,Low
5742,High
5743,Low
5744,Medium
5745,Low
5746,Medium
5747,High
5748,Low
5749,Low
5750,Low
5751,High
5752,High
5753,Medium
5754,High
5755,Low
5756,High
5757,High
5758,High
5759,High
5760,Low
5761,Low
5762,High
5763,High
5764,High
5765,Low
5766,High
5767,High
5768,High
5769,Low
5770,High
5771,High
5772,High
5773,High
5774,High
5775,High
5776,High
5777,Medium
5778,High
5779,High
5780,Low
5781,High
5782,High
5783,High
5784,Medium
5785,High
5786,Medium
5787,Low
5788,Low
5789,Low
5790,Low
5791,High
5792,Low
5793,High
5794,Low
5795,Low
5796,High
5797,High
5798,High
5799,High
5800,High
5801,High
5802,High
5803,Medium
5804,High
5805,High
5806,Medium
5807,Medium
5808,High
5809,High
5810,Low
5811,High
5812,Low
5813,High
5814,Low
5815,High
5816,Medium
5817,Low
5818,Low
5819,Low
5820,Low
5821,High
5822,Low
5823,Low
5824,High
5825,High
5826,High
5827,Low
5828,High
5829,High
5830,Low
5831,Medium
5832,Medium
5833,High
5834,Low
5835,High
5836,High
5837,High
5838,High
5839,High
5840,High
5841,Low
5842,High
5843,Low
5844,High
5845,Low
5846,Low
5847,Low
5848,Medium
5849,High
5850,High
5851,High
5852,Medium
5853,Low
5854,High
5855,High
5856,Low
5857,Low
5858,Low
5859,High
5860,High
5861,High
5862,High
5863,High
5864,High
5865,Low
5866,Low
5867,Low
5868,Low
5869,High
5870,High
5871,Medium
5872,High
5873,Low
5874,Low
5875,High
5876,High
5877,Medium
5878,Low
5879,High
5880,High
5881,High
5882,High
5883,Medium
5884,High
5885,High
5886,High
5887,High
5888,High
5889,High
5890,High
5891,Low
5892,High
5893,High
5894,High
5895,High
5896,High
5897,Low
5898,High
5899,Low
5900,High
5901,High
5902,High
5903,High
5904,High
5905,Low
5906,High
5907,High
5908,High
5909,High
5910,High
5911,Low
5912,High
5913,Low
5914,Low
5915,Low
5916,High
5917,High
5918,Medium
5919,Medium
5920,Low
5921,High
5922,High
5923,Low
5924,High
5925,High
5926,High
5927,High
5928,High
5929,High
5930,High
5931,Medium
5932,High
5933,High
5934,Medium
5935,Low
5936,High
5937,Medium
5938,High
5939,Low
5940,High
5941,Low
5942,High
5943,High
5944,High
5945,High
5946,Low
5947,Low
5948,Medium
5949,Low
5950,High
5951,High
5952,Low
5953,Medium
5954,Low
5955,High
5956,High
5957,High
5958,High
5959,High
5960,High
5961,Low
5962,Low
5963,High
5964,High
5965,High
5966,Low
5967,High
5968,Low
5969,High
5970,High
5971,Low
5972,High
5973,High
5974,High
5975,High
5976,High
5977,Low
5978,High
5979,High
5980,Low
5981,High
5982,Low
5983,High
5984,High
5985,Low
5986,High
5987,Low
5988,High
5989,High
5990,Low
5991,Low
5992,High
5993,Low
5994,High
5995,High
5996,High
5997,High
5998,High
5999,Low
6000,Low
6001,High
6002,Low
6003,High
6004,Low
6005,High
6006,High
6007,Medium
6008,High
6009,High
6010,Low
6011,Medium
6012,Low
6013,High
6014,High
6015,High
6016,Medium
6017,High
6018,Low
6019,High
6020,Low
6021,High
6022,Low
6023,High
6024,High
6025,High
6026,Low
6027,High
6028,Low
6029,High
6030,High
6031,Medium
6032,High
6033,Low
6034,High
6035,High
6036,Low
6037,High
6038,High
6039,High
6040,High
6041,Low
6042,High
6043,Low
6044,High
6045,High
6046,High
6047,Low
6048,Low
6049,Low
6050,High
6051,High
6052,High
6053,Low
6054,Low
6055,High
6056,Low
6057,High
6058,High
6059,High
6060,Medium
6061,Low
6062,High
6063,High
6064,High
6065,High
6066,High
6067,Low
6068,High
6069,High
6070,Low
6071,High
6072,High
6073,High
6074,High
6075,Medium
6076,Low
6077,High
6078,High
6079,High
6080,High
6081,High
6082,Low
6083,High
6084,High
6085,Low
6086,High
6087,High
6088,Low
6089,High
6090,High
6091,High
6092,Low
6093,Low
6094,Low
6095,Low
6096,High
6097,High
6098,High
6099,High
6100,Low
6101,High
6102,Low
6103,High
6104,Low
6105,High
6106,High
6107,High
6108,High
6109,High
6110,High
6111,Low
6112,Low
6113,Low
6114,High
6115,Low
6116,High
6117,High
6118,High
6119,High
6120,High
6121,High
6122,Low
6123,High
6124,Low
6125,High
6126,High
6127,High
6128,High
6129,High
6130,Low
6131,Low
6132,Low
6133,Medium
6134,High
6135,Low
6136,High
6137,Medium
6138,High
6139,Low
6140,High
6141,High
6142,Low
6143,Low
6144,Medium
6145,Low
6146,High
6147,High
6148,High
6149,High
6150,High
6151,High
6152,High
6153,High
6154,Medium
6155,High
6156,High
6157,High
6158,Low
6159,Low
6160,High
6161,Low
6162,Low
6163,High
6164,High
6165,Low
6166,High
6167,High
6168,High
6169,Low
6170,Low
6171,High
6172,High
6173,Low
6174,Low
6175,Medium
6176,Low
6177,Low
6178,High
6179,Low
6180,Low
6181,Medium
6182,High
6183,High
6184,High
6185,Low
6186,High
6187,High
6188,High
6189,High
6190,Low
6191,High
6192,Low
6193,Low
6194,High
6195,High
6196,High
6197,Low
6198,High
6199,High
6200,Medium
6201,High
6202,High
6203,Low
6204,Low
6205,Low
6206,High
6207,Medium
6208,High
6209,Low
6210,High
6211,Low
6212,High
6213,High
6214,Low
6215,High
6216,High
6217,High
6218,High
6219,High
6220,Low
6221,Low
6222,High
6223,High
6224,Low
6225,Low
6226,High
6227,Low
6228,High
6229,High
6230,Low
6231,High
6232,High
6233,Low
6234,High
6235,Medium
6236,Low
6237,High
6238,High
6239,High
6240,High
6241,High
6242,Low
6243,High
6244,High
6245,High
6246,High
6247,High
6248,High
6249,High
6250,High
6251,High
6252,High
6253,High
6254,High
6255,High
6256,Low
6257,High
6258,High
6259,High
6260,High
6261,High
6262,Low
6263,Low
6264,Low
6265,Low
6266,Medium
6267,High
6268,Medium
6269,Low
6270,High
6271,Low
6272,High
6273,High
6274,High
6275,High
6276,High
6277,High
6278,High
6279,High
6280,High
6281,High
6282,High
6283,High
6284,High
6285,High
6286,Low
6287,Low
6288,High
6289,Low
6290,High
6291,High
6292,High
6293,High
6294,High
6295,Low
6296,High
6297,Low
6298,High
6299,High
6300,High
6301,Low
6302,High
6303,High
6304,High
6305,Low
6306,High
6307,High
6308,High
6309,Low
6310,Low
6311,Medium
6312,Low
6313,High
6314,Medium
6315,High
6316,Low
6317,High
6318,High
6319,High
6320,High
6321,Low
6322,High
6323,Low
6324,High
6325,High
6326,High
6327,High
6328,High
6329,High
6330,High
6331,Low
6332,High
6333,High
6334,High
6335,High
6336,High
6337,High
6338,High
6339,High
6340,Low
6341,Low
6342,Low
6343,High
6344,High
6345,Low
6346,High
6347,High
6348,High
6349,Low
6350,Medium
6351,Low
6352,High
6353,High
6354,Low
6355,High
6356,High
6357,Low
6358,Low
6359,Low
6360,High
6361,Low
6362,Low
6363,High
6364,Low
6365,High
6366,Medium
6367,High
6368,High
6369,Medium
6370,Low
6371,High
6372,High
6373,High
6374,Medium
6375,Low
6376,Low
6377,High
6378,Low
6379,Low
6380,Low
6381,High
6382,Low
6383,High
6384,High
6385,Medium
6386,Low
6387,Low
6388,High
6389,Medium
6390,Low
6391,High
6392,Low
6393,High
6394,Low
6395,Low
6396,Low
6397,High
6398,High
6399,Low
6400,High
6401,High
6402,High
6403,Low
6404,High
6405,High
6406,High
6407,Low
6408,Low
6409,High
6410,High
6411,High
6412,High
6413,High
6414,Low
6415,High
6416,Low
6417,Low
6418,High
6419,Low
6420,Medium
6421,Medium
6422,Low
6423,High
6424,High
6425,High
6426,High
6427,High
6428,High
6429,High
6430,Medium
6431,Low
6432,High
6433,High
6434,Low
6435,High
6436,High
6437,Low
6438,Low
6439,Low
6440,High
6441,High
6442,Medium
6443,Low
6444,High
6445,High
6446,High
6447,High
6448,High
6449,Low
6450,Low
6451,High
6452,High
6453,High
6454,Low
6455,High
6456,High
6457,Low
6458,High
6459,High
6460,Low
6461,High
6462,High
6463,Medium
6464,Low
6465,Low
6466,High
6467,High
6468,High
6469,Low
6470,Low
6471,Low
6472,Low
6473,High
6474,Low
6475,High
6476,High
6477,High
6478,Medium
6479,Medium
6480,Low
6481,Low
6482,Low
6483,Low
6484,Low
6485,Medium
6486,Low
6487,High
6488,High
6489,Low
6490,High
6491,Medium
6492,Low
6493,Medium
6494,Low
6495,Low
6496,Low
6497,High
6498,Low
6499,Low
6500,High
6501,Medium
6502,Medium
6503,High
6504,Medium
6505,High
6506,High
6507,High
6508,High
6509,Low
6510,High
6511,High
6512,High
6513,High
6514,Low
6515,High
6516,High
6517,High
6518,Low
6519,Low
6520,High
6521,High
6522,High
6523,Medium
6524,Low
6525,High
6526,High
6527,High
6528,High
6529,High
6530,High
6531,High
6532,High
6533,High
6534,Medium
6535,High
6536,High
6537,High
6538,Low
6539,High
6540,Low
6541,High
6542,Medium
6543,High
6544,Medium
6545,High
6546,Low
6547,High
6548,High
6549,High
6550,Low
6551,High
6552,Low
6553,High
6554,Medium
6555,Medium
6556,High
6557,Low
6558,Low
6559,Medium
6560,High
6561,High
6562,High
6563,High
6564,Low
6565,High
6566,Medium
6567,Medium
6568,High
6569,High
6570,High
6571,High
6572,Medium
6573,Low
6574,High
6575,High
6576,High
6577,High
6578,High
6579,Medium
6580,Low
6581,High
6582,Low
6583,High
6584,Low
6585,Low
6586,Low
6587,Low
6588,Low
6589,High
6590,High
6591,High
6592,High
6593,Low
6594,High
6595,Low
6596,High
6597,High
6598,Medium
6599,Low
6600,High
6601,High
6602,Low
6603,High
6604,Low
6605,High
6606,Low
6607,High
6608,High
6609,Low
6610,High
6611,High
6612,High
6613,High
6614,High
6615,High
6616,Low
6617,High
6618,Low
6619,High
6620,High
6621,High
6622,Low
6623,High
6624,Medium
6625,High
6626,Low
6627,High
6628,High
6629,High
6630,High
6631,Low
6632,Low
6633,High
6634,Low
6635,High
6636,Low
6637,Low
6638,Low
6639,High
6640,High
6641,High
6642,Low
6643,Low
6644,Low
6645,High
6646,High
6647,High
6648,High
6649,High
6650,Low
6651,High
6652,High
6653,High
6654,High
6655,High
6656,High
6657,High
6658,Low
6659,High
6660,High
6661,High
6662,High
6663,High
6664,High
6665,High
6666,Low
6667,High
6668,High
6669,Low
6670,High
6671,Medium
6672,Medium
6673,High
6674,High
6675,Low
6676,High
6677,High
6678,Low
6679,High
6680,High
6681,Low
6682,High
6683,High
6684,High
6685,High
6686,High
6687,Low
6688,High
6689,High
6690,Low
6691,Medium
6692,Low
6693,Low
6694,High
6695,High
6696,Low
6697,Low
6698,High
6699,Low
6700,High
6701,High
6702,High
6703,High
6704,High
6705,Low
6706,High
6707,High
6708,High
6709,Low
6710,Low
6711,High
6712,Low
6713,Low
6714,Medium
6715,High
6716,Low
6717,High
6718,High
6719,High
6720,Medium
6721,High
6722,High
6723,Low
6724,High
6725,Low
6726,High
6727,Low
6728,High
6729,Low
6730,Medium
6731,Low
6732,Low
6733,High
6734,High
6735,Low
6736,Low
6737,Medium
6738,Medium
6739,High
6740,High
6741,Low
6742,Low
6743,High
6744,High
6745,High
6746,High
6747,Low
6748,High
6749,High
6750,Medium
6751,Low
6752,Low
6753,High
6754,High
6755,Low
6756,High
6757,High
6758,Low
6759,Low
6760,Medium
6761,Low
6762,Low
6763,High
6764,High
6765,Low
6766,High
6767,Low
6768,High
6769,Low
6770,Low
6771,High
6772,High
6773,High
6774,Medium
6775,High
6776,Medium
6777,High
6778,Low
6779,High
6780,High
6781,Low
6782,High
6783,High
6784,Low
6785,Medium
6786,High
6787,High
6788,High
6789,High
6790,Low
6791,Low
6792,Low
6793,High
6794,High
6795,High
6796,High
6797,High
6798,High
6799,Low
6800,High
6801,High
6802,High
6803,Low
6804,High
6805,Low
6806,High
6807,High
6808,High
6809,High
6810,Low
6811,High
6812,Medium
6813,High
6814,Medium
6815,High
6816,Low
6817,Low
6818,Medium
6819,High
6820,Low
6821,Low
6822,High
6823,High
6824,High
6825,High
6826,High
6827,Low
6828,High
6829,High
6830,Low
6831,Low
6832,High
6833,High
6834,High
6835,High
6836,High
6837,Low
6838,High
6839,Medium
6840,High
6841,Low
6842,High
6843,High
6844,Low
6845,High
6846,High
6847,High
6848,Low
6849,High
6850,Low
6851,Low
6852,High
6853,High
6854,High
6855,Low
6856,High
6857,High
6858,High
6859,Medium
6860,High
6861,High
6862,High
6863,High
6864,Low
6865,High
6866,High
6867,High
6868,Medium
6869,Low
6870,Low
6871,High
6872,Low
6873,High
6874,Low
6875,High
6876,Low
6877,High
6878,High
6879,High
6880,High
6881,High
6882,High
6883,Low
6884,High
6885,High
6886,Low
6887,Medium
6888,High
6889,High
6890,Low
6891,High
6892,Low
6893,High
6894,Low
6895,High
6896,High
6897,High
6898,High
6899,Low
6900,High
6901,High
6902,High
6903,High
6904,Low
6905,High
6906,Low
6907,High
6908,Low
6909,High
6910,Low
6911,Low
6912,Low
6913,High
6914,High
6915,Low
6916,Low
6917,High
6918,High
6919,High
6920,Low
6921,Low
6922,Low
6923,Low
6924,High
6925,High
6926,High
6927,High
6928,High
6929,High
6930,Medium
6931,High
6932,High
6933,High
6934,Low
6935,Low
6936,Low
6937,High
6938,High
6939,High
6940,High
6941,Low
6942,High
6943,High
6944,Low
6945,High
6946,Low
6947,High
6948,Low
6949,Low
6950,High
6951,Medium
6952,High
6953,High
6954,High
6955,Low
6956,Low
6957,High
6958,High
6959,Low
6960,Low
6961,High
6962,High
6963,High
6964,High
6965,High
6966,Low
6967,High
6968,High
6969,Low
6970,High
6971,Low
6972,High
6973,High
6974,High
6975,Medium
6976,Low
6977,Low
6978,High
6979,High
6980,High
6981,High
6982,Low
6983,High
6984,Low
6985,High
6986,Low
6987,Low
6988,Low
6989,High
6990,Low
6991,High
6992,High
6993,Low
6994,Low
6995,Low
6996,High
6997,High
6998,High
6999,High
7000,Low
7001,Low
7002,Low
7003,High
7004,Low
7005,High
7006,High
7007,High
7008,High
7009,Low
7010,High
7011,High
7012,Medium
7013,High
7014,High
7015,Low
7016,High
7017,High
7018,Low
7019,High
7020,Low
7021,High
7022,Low
7023,Low
7024,Low
7025,Medium
7026,Low
7027,Low
7028,Low
7029,Low
7030,High
7031,High
7032,Low
7033,High
7034,Low
7035,High
7036,Low
7037,High
7038,Low
7039,High
7040,High
7041,Low
7042,High
7043,Low
7044,High
7045,Low
7046,High
7047,Low
7048,High
7049,High
7050,High
7051,High
7052,High
7053,High
7054,High
7055,Low
7056,Low
7057,High
7058,Low
7059,High
7060,High
7061,High
7062,Low
7063,High
7064,High
7065,High
7066,Low
7067,Medium
7068,High
7069,High
7070,Low
7071,Low
7072,Medium
7073,Low
7074,High
7075,Low
7076,High
7077,Low
7078,High
7079,Low
7080,High
7081,Low
7082,High
7083,High
7084,Low
7085,High
7086,High
7087,High
7088,Low
7089,High
7090,Low
7091,Low
7092,High
7093,High
7094,Low
7095,Low
7096,High
7097,Low
7098,Medium
7099,Low
7100,High
7101,Low
7102,High
7103,High
7104,Low
7105,Low
7106,Low
7107,High
7108,High
7109,High
7110,Low
7111,Low
7112,High
7113,High
7114,Low
7115,High
7116,High
7117,Low
7118,High
7119,High
7120,High
7121,High
7122,Low
7123,Low
7124,Low
7125,Low
7126,High
7127,Low
7128,Medium
7129,Medium
7130,High
7131,High
7132,High
7133,High
7134,Medium
7135,High
7136,Low
7137,High
7138,Low
7139,High
7140,High
7141,Low
7142,High
7143,High
7144,High
7145,High
7146,Low
7147,Low
7148,Medium
7149,Low
7150,Low
7151,Medium
7152,High
7153,High
7154,Low
7155,High
7156,High
7157,Medium
7158,High
7159,High
7160,High
7161,Low
7162,Medium
7163,Low
7164,Low
7165,High
7166,High
7167,Low
7168,Low
7169,Low
7170,Medium
7171,Low
7172,High
7173,Low
7174,Low
7175,Low
7176,Medium
7177,Low
7178,High
7179,High
7180,Low
7181,High
7182,High
7183,High
7184,Low
7185,Low
7186,High
7187,High
7188,Low
7189,Low
7190,High
7191,High
7192,High
7193,Low
7194,High
7195,High
7196,Low
7197,High
7198,High
7199,High
7200,High
7201,Low
7202,Low
7203,High
7204,High
7205,Low
7206,Low
7207,High
7208,High
7209,Low
7210,High
7211,Medium
7212,High
7213,High
7214,Low
7215,High
7216,Low
7217,High
7218,High
7219,Low
7220,High
7221,Low
7222,High
7223,High
7224,High
7225,High
7226,Medium
7227,Low
7228,High
7229,High
7230,Low
7231,High
7232,Low
7233,High
7234,High
7235,High
7236,Low
7237,Low
7238,High
7239,Low
7240,Low
7241,Low
7242,Low
7243,Low
7244,High
7245,High
7246,High
7247,High
7248,High
7249,Low
7250,Low
7251,High
7252,High
7253,High
7254,Low
7255,Low
7256,High
7257,High
7258,Low
7259,Low
7260,Low
7261,High
7262,High
7263,High
7264,High
7265,Low
7266,Medium
7267,Medium
7268,Low
7269,Low
7270,High
7271,Low
7272,High
7273,High
7274,High
7275,High
7276,High
7277,Low
7278,High
7279,Low
7280,Low
7281,Low
7282,Low
7283,High
7284,High
7285,High
7286,High
7287,Low
7288,Medium
7289,High
7290,High
7291,Low
7292,Low
7293,Low
7294,Low
7295,High
7296,Low
7297,High
7298,Low
7299,High
7300,High
7301,High
7302,High
7303,High
7304,High
7305,High
7306,Low
7307,High
7308,High
7309,Low
7310,High
7311,Low
7312,Low
7313,High
7314,High
7315,High
7316,High
7317,High
7318,High
7319,High
7320,High
7321,High
7322,High
7323,High
7324,High
7325,Low
7326,High
7327,Low
7328,High
7329,High
7330,High
7331,Medium
7332,Low
7333,Low
7334,High
7335,High
7336,High
7337,Medium
7338,Low
7339,Low
7340,High
7341,High
7342,High
7343,High
7344,High
7345,High
7346,Low
7347,Medium
7348,High
7349,High
7350,High
7351,Low
7352,Low
7353,High
7354,Medium
7355,Low
7356,High
7357,Low
7358,Low
7359,High
7360,Medium
7361,High
7362,High
7363,High
7364,High
7365,High
7366,High
7367,High
7368,High
7369,High
7370,Medium
7371,High
7372,High
7373,High
7374,High
7375,High
7376,High
7377,High
7378,Medium
7379,Low
7380,High
7381,Medium
7382,Medium
7383,High
7384,High
7385,Low
7386,High
7387,High
7388,High
7389,High
7390,High
7391,High
7392,Low
7393,Low
7394,High
7395,Medium
7396,High
7397,High
7398,Low
7399,Medium
7400,High
7401,Medium
7402,Low
7403,High
7404,Medium
7405,Low
7406,Medium
7407,Low
7408,High
7409,High
7410,High
7411,Low
7412,High
7413,High
7414,High
7415,High
7416,High
7417,High
7418,Low
7419,Medium
7420,High
7421,Low
7422,High
7423,Medium
7424,Low
7425,Low
7426,High
7427,High
7428,High
7429,High
7430,High
7431,High
7432,Low
7433,Low
7434,Medium
7435,High
7436,High
7437,Low
7438,Low
7439,High
7440,Low
7441,High
7442,High
7443,High
7444,High
7445,High
7446,Low
7447,Low
7448,High
7449,High
7450,Low
7451,High
7452,High
7453,High
7454,Low
7455,High
7456,High
7457,High
7458,Low
7459,High
7460,High
7461,Medium
7462,High
7463,High
7464,Medium
7465,High
7466,High
7467,High
7468,Low
7469,Low
7470,High
7471,High
7472,High
7473,High
7474,High
7475,High
7476,Low
7477,High
7478,High
7479,Low
7480,High
7481,Low
7482,Low
7483,High
7484,High
7485,High
7486,High
7487,High
7488,High
7489,High
7490,Low
7491,High
7492,Low
7493,High
7494,High
7495,Low
7496,Medium
7497,High
7498,High
7499,Low
7500,High
7501,High
7502,Low
7503,Medium
7504,Low
7505,Low
7506,Low
7507,Low
7508,High
7509,Low
7510,Low
7511,High
7512,High
7513,High
7514,High
7515,High
7516,High
7517,Medium
7518,High
7519,High
7520,Low
7521,Low
7522,High
7523,High
7524,High
7525,Low
7526,Low
7527,High
7528,High
7529,Low
7530,High
7531,Low
7532,Low
7533,High
7534,Medium
7535,Low
7536,High
7537,High
7538,Medium
7539,Low
7540,Low
7541,Low
7542,Low
7543,High
7544,High
7545,High
7546,Low
7547,Low
7548,High
7549,High
7550,High
7551,High
7552,Medium
7553,High
7554,Low
7555,High
7556,High
7557,High
7558,High
7559,High
7560,Medium
7561,High
7562,High
7563,High
7564,High
7565,Low
7566,High
7567,High
7568,Low
7569,Low
7570,High
7571,Low
7572,High
7573,Low
7574,Low
7575,Low
7576,High
7577,High
7578,High
7579,High
7580,Low
7581,Low
7582,Low
7583,High
7584,High
7585,Medium
7586,Low
7587,High
7588,High
7589,High
7590,Medium
7591,High
7592,High
7593,High
7594,Medium
7595,High
7596,High
7597,Medium
7598,Medium
7599,High
7600,Low
7601,High
7602,Low
7603,Low
7604,Low
7605,High
7606,High
7607,High
7608,High
7609,High
7610,High
7611,High
7612,High
7613,High
7614,High
7615,High
7616,Low
7617,Low
7618,Medium
7619,Low
7620,High
7621,High
7622,Low
7623,Low
7624,High
7625,Low
7626,High
7627,High
7628,High
7629,High
7630,High
7631,Low
7632,High
7633,High
7634,Low
7635,Low
7636,High
7637,High
7638,High
7639,High
7640,Low
7641,High
7642,Low
7643,High
7644,High
7645,High
7646,High
7647,High
7648,High
7649,Low
7650,High
7651,High
7652,High
7653,High
7654,High
7655,Low
7656,High
7657,High
7658,High
7659,High
7660,Low
7661,Low
7662,High
7663,High
7664,Low
7665,High
7666,High
7667,High
7668,High
7669,Low
7670,Low
7671,High
7672,Low
7673,High
7674,Low
7675,Low
7676,High
7677,High
7678,High
7679,High
7680,Low
7681,High
7682,High
7683,Low
7684,High
7685,Low
7686,Low
7687,Low
7688,High
7689,High
7690,High
7691,Low
7692,Low
7693,Low
7694,High
7695,Low
7696,High
7697,Low
7698,High
7699,High
7700,Low
7701,Medium
7702,Medium
7703,High
7704,Low
7705,Low
7706,High
7707,High
7708,High
7709,High
7710,High
7711,High
7712,High
7713,Low
7714,High
7715,High
7716,High
7717,Low
7718,Medium
7719,High
7720,High
7721,Low
7722,Low
7723,High
7724,Low
7725,High
7726,High
7727,High
7728,Medium
7729,High
7730,Medium
7731,High
7732,Low
7733,Low
7734,High
7735,High
7736,Low
7737,Low
7738,High
7739,Low
7740,High
7741,High
7742,Low
7743,High
7744,Low
7745,Low
7746,High
7747,High
7748,High
7749,High
7750,High
7751,High
7752,Low
7753,Medium
7754,Low
7755,High
7756,Low
7757,High
7758,Medium
7759,High
7760,High
7761,High
7762,High
7763,Medium
7764,High
7765,Low
7766,High
7767,Low
7768,High
7769,High
7770,Low
7771,Low
7772,High
7773,High
7774,Medium
7775,Low
7776,Low
7777,High
7778,High
7779,High
7780,High
7781,High
7782,High
7783,High
7784,Low
7785,High
7786,High
7787,Low
7788,High
7789,Medium
7790,High
7791,High
7792,Medium
7793,High
7794,Low
7795,High
7796,Medium
7797,Low
7798,Low
7799,Low
7800,Low
7801,Medium
7802,High
7803,High
7804,High
7805,High
7806,Low
7807,High
7808,High
7809,Low
7810,High
7811,Low
7812,High
7813,High
7814,Low
7815,Medium
7816,Low
7817,Low
7818,Low
7819,Low
7820,Low
7821,High
7822,High
7823,High
7824,Low
7825,Low
7826,Medium
7827,Low
7828,Medium
7829,High
7830,High
7831,Medium
7832,High
7833,High
7834,High
7835,High
7836,High
7837,Low
7838,Low
7839,High
7840,High
7841,High
7842,Low
7843,Low
7844,Medium
7845,Low
7846,High
7847,Low
7848,High
7849,Low
7850,High
7851,High
7852,High
7853,Low
7854,Medium
7855,Low
7856,Low
7857,Low
7858,High
7859,Low
7860,High
7861,Low
7862,High
7863,High
7864,High
7865,High
7866,High
7867,Low
7868,Low
7869,High
7870,High
7871,High
7872,Low
7873,High
7874,Low
7875,Low
7876,Low
7877,Medium
7878,Low
7879,High
7880,Low
7881,High
7882,Medium
7883,Medium
7884,High
7885,Low
7886,Medium
7887,Low
7888,High
7889,Low
7890,Low
7891,Medium
7892,High
7893,Low
7894,High
7895,High
7896,High
7897,High
7898,Low
7899,High
7900,Low
7901,High
7902,High
7903,Low
7904,High
7905,High
7906,High
7907,Low
7908,Low
7909,High
7910,Low
7911,High
7912,High
7913,High
7914,Low
7915,High
7916,High
7917,High
7918,High
7919,High
7920,High
7921,Low
7922,Low
7923,High
7924,Low
7925,Low
7926,Low
7927,High
7928,High
7929,Low
7930,High
7931,High
7932,High
7933,Low
7934,High
7935,High
7936,Low
7937,Low
7938,Medium
7939,High
7940,High
7941,High
7942,High
7943,Low
7944,High
7945,High
7946,Low
7947,High
7948,High
7949,Low
7950,High
7951,High
7952,Medium
7953,Low
7954,High
7955,High
7956,High
7957,High
7958,High
7959,High
7960,Low
7961,High
7962,Low
7963,High
7964,High
7965,High
7966,Low
7967,High
7968,Low
7969,High
7970,High
7971,High
7972,Medium
7973,Low
7974,High
7975,High
7976,Medium
7977,High
7978,High
7979,High
7980,High
7981,High
7982,Low
7983,Low
7984,Low
7985,Low
7986,High
7987,High
7988,High
7989,High
7990,High
7991,High
7992,High
7993,Low
7994,Low
7995,Low
7996,Low
7997,High
7998,High
7999,Low
8000,High
8001,Low
8002,Low
8003,High
8004,High
8005,High
8006,Medium
8007,High
8008,Low
8009,High
8010,Medium
8011,High
8012,High
8013,Medium
8014,Low
8015,Low
8016,High
8017,Low
8018,High
8019,High
8020,Low
8021,High
8022,High
8023,High
8024,Low
8025,High
8026,Medium
8027,High
8028,Low
8029,Low
8030,Low
8031,High
8032,Low
8033,Low
8034,Medium
8035,Medium
8036,Low
8037,High
8038,High
8039,Medium
8040,High
8041,Medium
8042,Low
8043,High
8044,High
8045,Low
8046,Low
8047,High
8048,High
8049,High
8050,Low
8051,High
8052,Low
8053,High
8054,High
8055,High
8056,High
8057,Low
8058,High
8059,High
8060,High
8061,High
8062,High
8063,Low
8064,High
8065,Low
8066,Low
8067,High
8068,High
8069,High
8070,Low
8071,High
8072,High
8073,High
8074,High
8075,High
8076,High
8077,Low
8078,High
8079,High
8080,High
8081,High
8082,High
8083,High
8084,Low
8085,Low
8086,Medium
8087,High
8088,High
8089,Low
8090,High
8091,High
8092,Low
8093,Low
8094,High
8095,Low
8096,Low
8097,High
8098,Low
8099,Medium
8100,Medium
8101,High
8102,Low
8103,High
8104,Low
8105,High
8106,Medium
8107,High
8108,High
8109,Low
8110,High
8111,High
8112,High
8113,Low
8114,Low
8115,High
8116,High
8117,High
8118,High
8119,High
8120,Medium
8121,High
8122,Medium
8123,High
8124,High
8125,High
8126,High
8127,Low
8128,High
8129,High
8130,High
8131,Medium
8132,Medium
8133,Low
8134,High
8135,Medium
8136,High
8137,High
8138,High
8139,High
8140,Low
8141,Low
8142,High
8143,High
8144,High
8145,High
8146,High
8147,Low
8148,Low
8149,High
8150,High
8151,High
8152,High
8153,High
8154,High
8155,High
8156,High
8157,Low
8158,Low
8159,Low
8160,High
8161,Low
8162,Low
8163,Low
8164,Low
8165,High
8166,Low
8167,Low
8168,High
8169,High
8170,High
8171,High
8172,High
8173,High
8174,High
8175,High
8176,Low
8177,Low
8178,Low
8179,Low
8180,Medium
8181,Medium
8182,Low
8183,Low
8184,High
8185,Low
8186,High
8187,Low
8188,Medium
8189,High
8190,High
8191,High
8192,High
8193,High
8194,High
8195,High
8196,High
8197,Low
8198,High
8199,Low
8200,High
8201,High
8202,Low
8203,High
8204,Low
8205,High
8206,High
8207,Low
8208,Low
8209,High
8210,Medium
8211,High
8212,High
8213,High
8214,High
8215,Medium
8216,High
8217,Medium
8218,High
8219,Medium
8220,High
8221,High
8222,High
8223,Low
8224,High
8225,High
8226,High
8227,Low
8228,High
8229,High
8230,High
8231,Low
8232,High
8233,High
8234,Low
8235,High
8236,High
8237,High
8238,High
8239,High
8240,Low
8241,High
8242,Low
8243,High
8244,High
8245,Low
8246,High
8247,High
8248,Low
8249,Low
8250,Low
8251,Medium
8252,High
8253,Medium
8254,High
8255,Low
8256,Low
8257,High
8258,High
8259,High
8260,Low
8261,High
8262,High
8263,High
8264,High
8265,High
8266,High
8267,High
8268,Medium
8269,Low
8270,High
8271,Low
8272,High
8273,Low
8274,High
8275,High
8276,High
8277,High
8278,High
8279,Low
8280,High
8281,High
8282,High
8283,High
8284,Low
8285,High
8286,High
8287,High
8288,Low
8289,Low
8290,Medium
8291,Low
8292,Low
8293,High
8294,High
8295,High
8296,Low
8297,Low
8298,Low
8299,Low
8300,High
8301,High
8302,High
8303,High
8304,Low
8305,Low
8306,Low
8307,Low
8308,Medium
8309,High
8310,High
8311,Low
8312,Low
8313,High
8314,High
8315,High
8316,High
8317,Low
8318,High
8319,High
8320,High
8321,High
8322,High
8323,Low
8324,Low
8325,High
8326,High
8327,High
8328,Low
8329,High
8330,High
8331,Low
8332,High
8333,Low
8334,High
8335,Low
8336,Low
8337,High
8338,Low
8339,High
8340,High
8341,Low
8342,Low
8343,High
8344,Low
8345,High
8346,High
8347,Low
8348,Low
8349,High
8350,Low
8351,High
8352,High
8353,Medium
8354,High
8355,Low
8356,Low
8357,Low
8358,High
8359,Low
8360,Low
8361,High
8362,Medium
8363,Low
8364,High
8365,Low
8366,Medium
8367,Low
8368,High
8369,High
8370,High
8371,Low
8372,High
8373,High
8374,High
8375,Medium
8376,High
8377,Low
8378,High
8379,Low
8380,High
8381,High
8382,High
8383,Low
8384,Low
8385,Low
8386,Low
8387,High
8388,Low
8389,Low
8390,High
8391,High
8392,High
8393,High
8394,Medium
8395,High
8396,Low
8397,Low
8398,High
8399,High
8400,Low
8401,High
8402,High
8403,High
8404,Low
8405,High
8406,High
8407,High
8408,High
8409,High
8410,High
8411,Low
8412,Medium
8413,High
8414,Low
8415,Medium
8416,High
8417,High
8418,High
8419,High
8420,Low
8421,Low
8422,High
8423,High
8424,High
8425,Low
8426,High
8427,High
8428,High
8429,High
8430,High
8431,High
8432,High
8433,High
8434,Medium
8435,High
8436,Low
8437,Low
8438,High
8439,High
8440,High
8441,High
8442,High
8443,Low
8444,High
8445,Low
8446,Medium
8447,Low
8448,High
8449,High
8450,High
8451,Low
8452,High
8453,High
8454,Low
8455,High
8456,Low
8457,High
8458,High
8459,Low
8460,High
8461,High
8462,High
8463,High
8464,High
8465,Low
8466,Medium
8467,High
8468,Low
8469,High
8470,High
8471,High
8472,High
8473,High
8474,High
8475,Medium
8476,High
8477,High
8478,High
8479,Low
8480,High
8481,High
8482,Medium
8483,High
8484,High
8485,High
8486,High
8487,Low
8488,High
8489,Low
8490,High
8491,Low
8492,Medium
8493,Medium
8494,High
8495,High
8496,Medium
8497,High
8498,High
8499,High
8500,Low
8501,High
8502,High
8503,Medium
8504,High
8505,High
8506,Low
8507,High
8508,High
8509,Low
8510,High
8511,High
8512,Low
8513,Low
8514,High
8515,High
8516,Low
8517,Low
8518,High
8519,Low
8520,High
8521,Medium
8522,High
8523,High
8524,High
8525,High
8526,High
8527,High
8528,High
8529,Medium
8530,High
8531,High
8532,Low
8533,Medium
8534,High
8535,High
8536,Low
8537,Low
8538,High
8539,High
8540,High
8541,High
8542,High
8543,High
8544,High
8545,High
8546,Low
8547,High
8548,Low
8549,Low
8550,Low
8551,Low
8552,Low
8553,Low
8554,Low
8555,High
8556,High
8557,Low
8558,Low
8559,High
8560,Low
8561,High
8562,High
8563,Low
8564,High
8565,High
8566,Low
8567,Low
8568,High
8569,Low
8570,Low
8571,Low
8572,High
8573,High
8574,Low
8575,Low
8576,High
8577,Low
8578,High
8579,High
8580,High
8581,Low
8582,Low
8583,High
8584,Low
8585,High
8586,High
8587,High
8588,Low
8589,Low
8590,High
8591,High
8592,High
8593,Medium
8594,High
8595,Low
8596,Low
8597,Low
8598,Medium
8599,Medium
8600,High
8601,High
8602,High
8603,Low
8604,High
8605,High
8606,Low
8607,Low
8608,High
8609,High
8610,High
8611,High
8612,Medium
8613,Low
8614,High
8615,High
8616,High
8617,High
8618,High
8619,High
8620,Low
8621,High
8622,Low
8623,High
8624,High
8625,Low
8626,High
8627,High
8628,High
8629,Medium
8630,High
8631,Low
8632,Medium
8633,High
8634,High
8635,Medium
8636,Low
8637,High
8638,Medium
8639,Low
8640,High
8641,High
8642,Low
8643,High
8644,Low
8645,High
8646,High
8647,High
8648,High
8649,High
8650,High
8651,High
8652,Low
8653,Low
8654,Low
8655,High
8656,High
8657,High
8658,High
8659,High
8660,High
8661,Low
8662,High
8663,Low
8664,High
8665,High
8666,High
8667,High
8668,High
8669,High
8670,High
8671,High
8672,High
8673,High
8674,High
8675,Medium
8676,Low
8677,Medium
8678,High
8679,High
8680,Low
8681,Low
8682,Low
8683,Medium
8684,High
8685,Low
8686,High
8687,High
8688,Medium
8689,Low
8690,High
8691,Low
8692,Low
8693,Medium
8694,High
8695,High
8696,Low
8697,High
8698,Low
8699,High
8700,Low
8701,Low
8702,High
8703,High
8704,Low
8705,Low
8706,Low
8707,Low
8708,High
8709,Low
8710,Low
8711,Low
8712,High
8713,Low
8714,High
8715,High
8716,Low
8717,High
8718,High
8719,High
8720,High
8721,High
8722,Low
8723,High
8724,Low
8725,Low
8726,High
8727,Low
8728,Low
8729,High
8730,Low
8731,High
8732,Low
8733,High
8734,High
8735,Low
8736,Low
8737,High
8738,High
8739,High
8740,Low
8741,High
8742,Low
8743,Low
8744,High
8745,High
8746,High
8747,High
8748,Low
8749,Medium
8750,Low
8751,Low
8752,Low
8753,High
8754,High
8755,High
8756,Low
8757,Low
8758,Low
8759,Low
8760,Low
8761,High
8762,High
8763,Low
8764,High
8765,High
8766,Low
8767,High
8768,Medium
8769,High
8770,High
8771,High
8772,Low
8773,Low
8774,High
8775,High
8776,Low
8777,High
8778,High
8779,Low
8780,High
8781,High
8782,High
8783,High
8784,Medium
8785,High
8786,High
8787,Low
8788,Low
8789,High
8790,High
8791,Medium
8792,Low
8793,High
8794,High
8795,High
8796,High
8797,Low
8798,High
8799,High
8800,High
8801,High
8802,Low
8803,Low
8804,Low
8805,High
8806,High
8807,High
8808,Low
8809,High
8810,High
8811,Low
8812,High
8813,Low
8814,High
8815,Low
8816,Low
8817,Low
8818,High
8819,High
8820,Low
8821,Low
8822,High
8823,High
8824,High
8825,High
8826,High
8827,Low
8828,High
8829,Low
8830,High
8831,Low
8832,High
8833,High
8834,Low
8835,Low
8836,Low
8837,High
8838,High
8839,High
8840,High
8841,Low
8842,High
8843,High
8844,High
8845,High
8846,Low
8847,High
8848,Low
8849,Low
8850,Low
8851,Low
8852,Low
8853,Low
8854,High
8855,Low
8856,Low
8857,High
8858,High
8859,High
8860,Medium
8861,Low
8862,Medium
8863,Low
8864,Low
8865,High
8866,Low
8867,Low
8868,Low
8869,Medium
8870,Medium
8871,High
8872,High
8873,High
8874,High
8875,Low
8876,High
8877,High
8878,Medium
8879,Low
8880,Low
8881,High
8882,High
8883,Low
8884,High
8885,Low
8886,Low
8887,Low
8888,Low
8889,High
8890,High
8891,Low
8892,Low
8893,Medium
8894,Low
8895,High
8896,High
8897,High
8898,High
8899,High
8900,Low
8901,High
8902,High
8903,High
8904,Low
8905,High
8906,Low
8907,Low
8908,Low
8909,Low
8910,High
8911,High
8912,High
8913,Medium
8914,Medium
8915,High
8916,Low
8917,Low
8918,Low
8919,Low
8920,High
8921,Low
8922,High
8923,High
8924,High
8925,Low
8926,Low
8927,High
8928,High
8929,High
8930,Low
8931,High
8932,Low
8933,Low
8934,High
8935,Low
8936,High
8937,High
8938,Medium
8939,High
8940,High
8941,Low
8942,High
8943,High
8944,Low
8945,Low
8946,High
8947,High
8948,High
8949,Low
8950,Medium
8951,High
8952,Low
8953,High
8954,High
8955,Medium
8956,Low
8957,High
8958,Low
8959,High
8960,Low
8961,Medium
8962,Low
8963,High
8964,High
8965,Low
8966,Low
8967,High
8968,Low
8969,Low
8970,High
8971,Low
8972,Low
8973,Low
8974,High
8975,High
8976,High
8977,High
8978,High
8979,Low
8980,High
8981,High
8982,High
8983,High
8984,Low
8985,High
8986,Low
8987,High
8988,Low
8989,Low
8990,Low
8991,High
8992,High
8993,High
8994,Low
8995,High
8996,Low
8997,High
8998,Medium
8999,Low
9000,High
9001,Low
9002,Low
9003,High
9004,High
9005,High
9006,High
9007,High
9008,High
9009,Medium
9010,Medium
9011,High
9012,Medium
9013,High
9014,Medium
9015,Low
9016,High
9017,Low
9018,High
9019,Medium
9020,Low
9021,Low
9022,Low
9023,Medium
9024,High
9025,Low
9026,Low
9027,High
9028,High
9029,Medium
9030,High
9031,High
9032,Low
9033,High
9034,High
9035,High
9036,Low
9037,High
9038,High
9039,Low
9040,Low
9041,Low
9042,High
9043,High
9044,High
9045,Medium
9046,Low
9047,High
9048,Low
9049,High
9050,High
9051,High
9052,High
9053,High
9054,High
9055,Low
9056,Low
9057,High
9058,Low
9059,High
9060,High
9061,High
9062,High
9063,High
9064,Medium
9065,Medium
9066,High
9067,High
9068,High
9069,Low
9070,Low
9071,Low
9072,High
9073,Low
9074,Low
9075,High
9076,Medium
9077,Low
9078,Low
9079,Low
9080,High
9081,High
9082,Low
9083,Low
9084,High
9085,Low
9086,Low
9087,High
9088,Low
9089,High
9090,High
9091,High
9092,High
9093,High
9094,High
9095,High
9096,Low
9097,Low
9098,Medium
9099,High
9100,Low
9101,High
9102,Low
9103,High
9104,Low
9105,Low
9106,High
9107,Low
9108,High
9109,High
9110,High
9111,High
9112,High
9113,High
9114,High
9115,High
9116,Low
9117,Low
9118,High
9119,Medium
9120,Medium
9121,Medium
9122,Low
9123,Low
9124,Low
9125,High
9126,Low
9127,High
9128,Medium
9129,High
9130,Medium
9131,High
9132,High
9133,Medium
9134,High
9135,High
9136,High
9137,Low
9138,Low
9139,Low
9140,High
9141,High
9142,High
9143,High
9144,High
9145,High
9146,High
9147,Low
9148,High
9149,Medium
9150,Low
9151,High
9152,Low
9153,Medium
9154,Low
9155,High
9156,High
9157,High
9158,High
9159,Low
9160,High
9161,High
9162,High
9163,Low
9164,Low
9165,High
9166,Low
9167,Low
9168,High
9169,High
9170,Medium
9171,High
9172,High
9173,High
9174,High
9175,Low
9176,Medium
9177,High
9178,High
9179,High
9180,Low
9181,Low
9182,Low
9183,High
9184,Medium
9185,High
9186,High
9187,High
9188,Low
9189,High
9190,High
9191,High
9192,Low
9193,High
9194,Low
9195,High
9196,Low
9197,High
9198,High
9199,High
9200,Low
9201,Low
9202,Low
9203,High
9204,Low
9205,Low
9206,High
9207,High
9208,High
9209,Low
9210,High
9211,Medium
9212,High
9213,High
9214,Medium
9215,High
9216,High
9217,Low
9218,Low
9219,High
9220,High
9221,Low
9222,High
9223,Low
9224,High
9225,Low
9226,Low
9227,High
9228,Low
9229,Low
9230,High
9231,Medium
9232,High
9233,High
9234,High
9235,High
9236,High
9237,Low
9238,Low
9239,High
9240,High
9241,Low
9242,High
9243,Low
9244,Low
9245,Low
9246,Low
9247,High
9248,High
9249,High
9250,High
9251,Low
9252,Low
9253,Low
9254,Low
9255,High
9256,High
9257,Low
9258,High
9259,Low
9260,High
9261,High
9262,Low
9263,High
9264,High
9265,High
9266,Low
9267,Medium
9268,Medium
9269,Low
9270,High
9271,High
9272,High
9273,Low
9274,High
9275,High
9276,High
9277,Low
9278,High
9279,Low
9280,High
9281,High
9282,Low
9283,Low
9284,High
9285,High
9286,Low
9287,Low
9288,Low
9289,Low
9290,High
9291,Low
9292,Low
9293,High
9294,High
9295,High
9296,Low
9297,Low
9298,Low
9299,High
9300,High
9301,High
9302,High
9303,Low
9304,High
9305,High
9306,High
9307,Low
9308,High
9309,Low
9310,High
9311,High
9312,High
9313,High
9314,High
9315,Low
9316,High
9317,High
9318,Low
9319,High
9320,Low
9321,Low
9322,Low
9323,High
9324,Low
9325,High
9326,High
9327,High
9328,Low
9329,High
9330,High
9331,Low
9332,High
9333,High
9334,High
9335,Medium
9336,High
9337,High
9338,High
9339,Low
9340,High
9341,Low
9342,High
9343,High
9344,High
9345,High
9346,Low
9347,High
9348,High
9349,High
9350,Medium
9351,Low
9352,Low
9353,High
9354,Medium
9355,Low
9356,High
9357,High
9358,High
9359,Medium
9360,High
9361,High
9362,High
9363,High
9364,High
9365,High
9366,High
9367,Low
9368,High
9369,Low
9370,Medium
9371,High
9372,High
9373,High
9374,High
9375,High
9376,High
9377,Low
9378,High
9379,High
9380,Low
9381,Low
9382,High
9383,High
9384,Low
9385,Low
9386,Low
9387,Low
9388,High
9389,Low
9390,High
9391,Low
9392,High
9393,High
9394,Low
9395,Low
9396,Low
9397,Low
9398,High
9399,High
9400,High
9401,Low
9402,Low
9403,Low
9404,High
9405,High
9406,High
9407,High
9408,Low
9409,High
9410,High
9411,High
9412,Low
9413,Low
9414,High
9415,High
9416,Low
9417,High
9418,High
9419,High
9420,Low
9421,High
9422,High
9423,High
9424,Low
9425,High
9426,Low
9427,Medium
9428,High
9429,Low
9430,Low
9431,High
9432,Low
9433,High
9434,High
9435,Low
9436,High
9437,High
9438,High
9439,High
9440,Low
9441,High
9442,High
9443,High
9444,High
9445,High
9446,High
9447,High
9448,Low
9449,High
9450,Low
9451,High
9452,Low
9453,Medium
9454,Low
9455,High
9456,High
9457,High
9458,High
9459,High
9460,Low
9461,Low
9462,Medium
9463,Low
9464,High
9465,High
9466,High
9467,Medium
9468,Low
9469,Low
9470,High
9471,Low
9472,High
9473,Low
9474,High
9475,Low
9476,High
9477,High
9478,High
9479,Low
9480,High
9481,High
9482,High
9483,High
9484,High
9485,High
9486,High
9487,High
9488,High
9489,Low
9490,High
9491,High
9492,Low
9493,Low
9494,Low
9495,High
9496,High
9497,High
9498,Low
9499,Low
9500,High
9501,Low
9502,High
9503,Low
9504,High
9505,Low
9506,High
9507,Low
9508,High
9509,High
9510,High
9511,High
9512,High
9513,High
9514,High
9515,High
9516,Low
9517,High
9518,High
9519,High
9520,Low
9521,High
9522,High
9523,High
9524,High
9525,Low
9526,High
9527,High
9528,Low
9529,High
9530,Low
9531,High
9532,Low
9533,High
9534,High
9535,High
9536,High
9537,High
9538,High
9539,High
9540,High
9541,High
9542,Low
9543,Medium
9544,Low
9545,Medium
9546,Low
9547,Low
9548,High
9549,High
9550,Low
9551,Low
9552,Low
9553,High
9554,Medium
9555,High
9556,Low
9557,High
9558,High
9559,High
9560,High
9561,High
9562,Low
9563,High
9564,Medium
9565,High
9566,Low
9567,Low
9568,Low
9569,High
9570,High
9571,High
9572,High
9573,High
9574,High
9575,Low
9576,Low
9577,Low
9578,Low
9579,Low
9580,High
9581,High
9582,Low
9583,High
9584,High
9585,High
9586,High
9587,High
9588,Low
9589,Medium
9590,High
9591,High
9592,Low
9593,High
9594,High
9595,High
9596,High
9597,High
9598,High
9599,High
9600,Low
9601,Medium
9602,High
9603,Medium
9604,Low
9605,Low
9606,High
9607,High
9608,High
9609,High
9610,Low
9611,High
9612,High
9613,Low
9614,High
9615,High
9616,Low
9617,Low
9618,Low
9619,High
9620,High
9621,Low
9622,High
9623,High
9624,High
9625,Low
9626,Low
9627,Low
9628,High
9629,High
9630,Medium
9631,Medium
9632,High
9633,Medium
9634,High
9635,High
9636,Low
9637,High
9638,High
9639,High
9640,Low
9641,High
9642,Low
9643,Low
9644,High
9645,Low
9646,Low
9647,Medium
9648,High
9649,High
9650,High
9651,Low
9652,Low
9653,Low
9654,Low
9655,High
9656,High
9657,Low
9658,High
9659,High
9660,High
9661,Medium
9662,High
9663,High
9664,High
9665,Low
9666,High
9667,Low
9668,High
9669,High
9670,Low
9671,Medium
9672,High
9673,High
9674,High
9675,High
9676,Medium
9677,Low
9678,High
9679,High
9680,High
9681,High
9682,Low
9683,High
9684,Low
9685,High
9686,High
9687,Low
9688,High
9689,Low
9690,Low
9691,High
9692,High
9693,High
9694,Low
9695,High
9696,Low
9697,Low
9698,Low
9699,High
9700,Low
9701,Low
9702,Low
9703,Low
9704,High
9705,High
9706,Low
9707,High
9708,High
9709,Low
9710,Low
9711,High
9712,Medium
9713,High
9714,Low
9715,High
9716,Low
9717,High
9718,High
9719,Medium
9720,High
9721,High
9722,Low
9723,Low
9724,Medium
9725,High
9726,High
9727,High
9728,Low
9729,High
9730,High
9731,High
9732,Low
9733,Medium
9734,High
9735,Low
9736,High
9737,High
9738,Low
9739,Low
9740,High
9741,Low
9742,Low
9743,Low
9744,High
9745,Low
9746,High
9747,High
9748,Low
9749,High
9750,Low
9751,High
9752,High
9753,High
9754,Low
9755,High
9756,Low
9757,High
9758,Low
9759,Medium
9760,High
9761,High
9762,High
9763,Low
9764,High
9765,Medium
9766,High
9767,High
9768,Low
9769,Low
9770,High
9771,High
9772,Low
9773,High
9774,Low
9775,High
9776,High
9777,High
9778,High
9779,High
9780,High
9781,Low
9782,Medium
9783,Low
9784,High
9785,Low
9786,Low
9787,High
9788,Low
9789,High
9790,High
9791,High
9792,High
9793,High
9794,High
9795,High
9796,High
9797,High
9798,Low
9799,Low
9800,High
9801,High
9802,Low
9803,Low
9804,High
9805,High
9806,Low
9807,High
9808,High
9809,High
9810,High
9811,Medium
9812,Low
9813,High
9814,Low
9815,High
9816,High
9817,High
9818,Low
9819,High
9820,High
9821,High
9822,Low
9823,High
9824,Low
9825,High
9826,High
9827,Low
9828,Low
9829,High
9830,High
9831,Low
9832,High
9833,High
9834,Low
9835,High
9836,High
9837,Low
9838,High
9839,High
9840,High
9841,Low
9842,High
9843,High
9844,Low
9845,Low
9846,High
9847,Low
9848,Low
9849,High
9850,High
9851,High
9852,High
9853,High
9854,High
9855,Low
9856,Medium
9857,High
9858,Low
9859,High
9860,Low
9861,Low
9862,Low
9863,High
9864,High
9865,High
9866,High
9867,High
9868,Low
9869,High
9870,High
9871,High
9872,Low
9873,High
9874,Medium
9875,High
9876,Medium
9877,High
9878,Low
9879,High
9880,Low
9881,High
9882,High
9883,Low
9884,Low
9885,Low
9886,Low
9887,High
9888,High
9889,Low
9890,High
9891,High
9892,High
9893,Low
9894,Low
9895,High
9896,High
9897,Low
9898,High
9899,Low
9900,High
9901,Low
9902,High
9903,Low
9904,Low
9905,High
9906,High
9907,Low
9908,High
9909,High
9910,High
9911,High
9912,Low
9913,High
9914,High
9915,Low
9916,Low
9917,Medium
9918,High
9919,Medium
9920,Medium
9921,High
9922,High
9923,High
9924,Low
9925,High
9926,High
9927,Low
9928,Low
9929,High
9930,Low
9931,High
9932,High
9933,Low
9934,Low
9935,High
9936,Low
9937,Low
9938,High
9939,High
9940,High
9941,High
9942,Low
9943,High
9944,High
9945,High
9946,High
9947,High
9948,Low
9949,Low
9950,Medium
9951,High
9952,Low
9953,High
9954,Low
9955,Low
9956,Low
9957,High
9958,Low
9959,High
9960,Low
9961,Low
9962,High
9963,High
9964,High
9965,High
9966,High
9967,Low
9968,Low
9969,High
9970,Medium
9971,Low
9972,Low
9973,High
9974,Low
9975,High
9976,High
9977,High
9978,Medium
9979,High
9980,Low
9981,High
9982,High
9983,Low
9984,Low
9985,High
9986,High
9987,High
9988,High
9989,Low
9990,Low
9991,Low
9992,High
9993,Low
9994,High
9995,High
9996,High
9997,Low
9998,Low
9999,High
10000,High
